"","qc_reviewer","icf_staff_abstraction","cohort","grantee","state_tribal_1_state_2_tribal","year_1_2019_2020_2_2020_2021_3_2021_2022_4_2022_2023","location_county_level_or_more_granular_of_program_activities_separate_multiple_entries_with_semicolon","location_source_i_e_which_document_did_you_get_this_from","covid_related_adjustment_e_g_were_schools_shut_down_1_yes_0_no","transition_aged_youth_i_e_ages_18_24","individuals_with_mental_health_or_substance_use_disorders","lgbtq","survivors_of_suicide","individuals_with_previous_suicide_attempts","veterans_active_military_or_military_families","non_suicide_self_injurers","american_indian_alaska_native","hispanic","any_outreach_and_awareness","public_awareness_campaigns","outreach_and_awareness_activities_or_events","outreach_and_awareness_products","x_print_materials_such_as_brochures_posters_and_flyers","print_media_such_as_magazines_or_newsletters","billboards","awareness_products_such_as_stress_balls_key_chains_mood_pens_t_shirts_etc","web_site_development_enhancement","social_media_facebook_twitter_instagram_etc","other_uses_of_technology_e_g_chat_text_messaging_innovations","radio","tv","events_activities","booth_at_health_fair","other_please_specify","gatekeeper_training_1_yes_0_no","location_city","location_county","name_of_training","training_format_1_in_person_2_virtual_facilitated_or_3_virtual_self_directed_4_mix_of_in_person_and_virtual","total_of_training_events","school_based_adult_training","school_based_peer_training","community_based_adult_training","community_based_peer_training","applied_suicide_intervention_skills_training_asist","campus_connect_suicide_prevention_training_for_gatekeepers_faculty_and_staff","campus_connect_suicide_prevention_training_for_gatekeepers_students","jason_foundation_training_modules","kognito_at_risk","lifelines","question_persuade_and_refer_qpr","safe_talk","signs_of_suicide_sos","sources_of_strength","suicide_care","trevor_care","yellow_ribbon","youth_depression_suicide_let_s_talk","assessing_and_managing_suicide_risk_amsr","chronological_assessment_of_suicide_events_case","cognitive_behavioral_therapy_cbt","collaborative_assessment_and_management_of_suicidality_cams","commitment_to_living","dialectical_behavior_therapy_dbt","kognito_at_risk_in_primary_care","suicide_informed_cognitive_behavioral_therapy_cbt","mental_health_first_aid","qpr_for_nurses","qpr_for_physicians_physician_assistants_nurse_practitioners_and_others","qpr_t_suicide_risk_assessment_and_training_course","response_a_comprehensive_high_school_based_suicide_awareness_program","recognizing_and_responding_to_suicide_risk_rrsr","safety_planning_intervention_for_suicide_prevention","suicide_to_hope_a_recovery_and_growth_workshop","unlocking_suicidal_secrets_new_thoughts_on_old_problems_in_suicide_prevention","other_clinical_intervention_treatment_training","assessment_of_suicidal_risk_using_the_columbia_suicide_severity_rating_scale_c_ssrs","other_screener_training","connect_suicide_postvention_training","other_postvention_training","suicide_prevention_101","other_general_awareness_training","american_indian_life_skills_development","counseling_on_access_to_lethal_means_calm","seeking_safety","x_of_trainees_participated","x_of_trainees_under_age_18_participated","education_k_12","higher_education_college_university","substance_abuse_treatment","juvenile_justice_probation","law_enforcement","emergency_response","tribal_services_tribal_government","child_welfare","mental_health","primary_health_care","other_community_settings","other_please_specify_1","did_screening_take_place_1_yes_0_no","screening_location_city_separate_multiple_entries_with_semicolon","screening_location_county_separate_multiple_entries_with_semicolon","school_or_school_based_health_clinic","college_or_university","mental_health_mh_agency_e_g_private_mh_provider_psychiatric_hospital_outpatient_clinic","social_service_agency_e_g_child_welfare_supportive_housing","juvenile_justice_criminal_justice_agency_e_g_pretrial_services_mental_health_court","physical_health_agency_e_g_primary_care_pediatrician_emergency_department_hospital","community_based_organization_recreation_or_afterschool_activity_e_g_boys_girls_club_faith_based_organization","law_enforcement_agency","other_please_specify_2","screening_format_1_in_person_2_virtual_3_mix_of_in_person_and_virtual_4_unclear_unknown","x_screened_individuals","x_individuals_screened_positive","male","female","transgender_male_to_female","transgender_female_to_male","gender_non_conforming","other_gender_please_specify","information_on_gender_is_missing","age_under_18_yo","age_under_10_yo","age_10_15_yo","age_16_20_yo","age_21_25_yo","other_information_on_age_or_missing_information_please_specify","x_referred","x_seen_by_provider","for_mental_health_professionals","for_hotline_staff","unspecified_audience","youth_curricula_i_e_to_teach_youths_skills_and_competencies_for_positive_development","cultural_activities_e_g_traditional_arts_and_crafts","wellness_activities_i_e_events_trainings_to_promote_wellness_and_life_skills","hotlines_helplines","textlines_chatlines","means_restriction_public_awareness_campaign","distribution_of_gun_locks_and_lock_boxes","means_restriction_activities_events_not_tied_to_a_public_awareness_campaign","means_restriction_products_not_tied_to_public_awareness_campaign_e_g_t_shirt_website","means_restriction_training","lethal_means_counseling","policies_and_protocols_related_to_intervention","policies_and_protocols_related_to_postvention","electronic_health_record_implementation_and_utilization","leading_or_substantially_supporting_a_suicide_prevention_coalition","leading_or_substantially_supporting_a_coalition_that_is_closely_related_to_youth_suicide_prevention","participating_in_coalitions_related_to_youth_suicide_prevention","partnerships_with_agencies_and_organizations","mental_health_related_services","postvention_services","case_management_services","crisis_response_services","traditional_healing_practices","follow_up_services","caring_contacts_after_emergency_department_discharge","follow_up_after_emergency_department_discharge","caring_contacts_after_inpatient_hospitalization","follow_up_after_inpatient_hospitalization","other_suicide_prevention_strategies","behavioral_health_equity_bhe_were_there_strategies_used_to_address_health_disparities_equity_1_yes_0_no","bhe_provide_examples_of_how_grantees_sought_to_address_bhe","number_of_suggested_changes","x","x_1","x_2","x_3","x_4","x_5","Any_Gatekeeper","Any_OtherTraining","Any_OutreachAwareness","Any_Screening","LifeSkills","FollowUp"
"3","Sara - full ","Pablo",13,"NACA","2","1","Coconino and Navajo Counties; Flagstaff, Arizona","Annual Report 1",1,0,0,0,0,0,0,0,1,0,0,0,0,0,0,0,0,0,0,0,1,0,0,0,0,0,0,0,0,0,0,0,0,0,0,0,0,0,0,0,0,0,0,0,0,0,0,0,0,0,0,0,0,0,0,0,0,0,0,0,0,0,0,0,0,0,0,0,0,0,0,0,0,0,0,0,0,0,0,0,0,0,0,0,0,0,0,0,0,0,0,0,0,0,0,0,0,0,0,0,0,0,0,0,0,0,0,0,0,0,0,0,0,0,0,0,0,0,0,0,0,0,0,0,0,0,0,0,0,0,0,0,0,0,0,0,0,0,0,0,0,0,0,0,0,0,1,0,0,0,0,0,0,0,0,0,0,0,0,0,0,0,0,0,1,1,0,0
"6","Sara - full ","Pablo",13,"NACA","2","2","Coconino and Navajo Counties; Flagstaff, Arizona","Annual Report 2",1,0,0,0,0,0,0,0,1,0,0,0,0,0,0,0,0,0,0,0,0,0,0,0,0,0,1,0,0,0,4,0,1,0,1,1,1,0,0,0,0,0,1,1,0,1,0,0,0,0,0,0,1,0,0,0,0,0,0,0,0,0,0,0,0,0,0,0,0,1,0,1,0,1,1,0,0,0,5,0,0,0,0,0,0,0,0,0,0,0,0,0,0,0,0,0,0,0,0,0,0,0,0,0,0,0,0,0,0,0,0,0,0,0,0,0,0,0,0,0,0,0,0,0,1,1,0,0,0,0,0,0,0,0,0,1,0,0,0,0,0,1,0,0,0,0,0,0,0,0,0,0,0,0,0,0,0,0,0,0,0,0,1,1,0,1,1,0
"9","Sara ","Pablo",13,"NACA","2","1","Coconino, Navajo, and Apache Counties; Flagstaff, AZ","18month_Eval",1,1,0,0,0,0,0,0,1,0,0,0,0,0,0,0,0,0,0,0,0,0,0,0,0,0,1,0,0,0,2,11,0,0,0,0,1,0,0,0,0,0,0,1,0,0,0,0,0,0,0,0,0,0,0,0,0,0,0,0,0,0,0,0,0,0,0,0,0,0,0,0,0,0,0,0,0,0,19,0,0,0,0,0,0,0,0,23,0,0,0,1,0,0,0,0,0,0,0,0,0,0,0,0,118,0,0,0,0,0,0,0,0,0,0,0,0,0,0,66,35,0,0,0,0,0,0,0,0,0,0,0,0,0,0,0,0,0,0,0,0,1,1,0,1,0,0,0,0,0,0,0,0,0,0,0,0,0,0,0,0,0,1,0,0,1,0,0
"12","Sara","Pablo",13,"NACA","2","3","Coconino and Navajo Counties; Flagstaff, Arizona","Evaluation Report",0,0,0,0,0,0,0,0,0,0,0,0,0,0,0,0,0,0,0,0,0,0,0,0,0,0,1,0,0,0,0,0,1,0,1,0,1,0,0,0,0,0,1,1,0,1,0,0,0,0,0,0,0,0,0,0,0,1,0,0,0,0,0,0,0,0,0,0,0,0,0,1,0,0,0,0,0,0,0,0,0,0,0,0,0,0,0,371,0,0,0,1,0,0,1,0,0,0,0,1,1,0,0,0,527,0,0,0,0,0,0,0,0,0,0,0,0,0,0,388,284,0,0,0,0,1,0,0,0,0,0,0,0,0,0,1,0,0,0,0,0,1,1,1,0,0,0,0,0,0,0,0,0,0,0,0,0,0,0,0,0,0,1,1,0,1,0,0
"15","Sara","Sara (Pablo)",13,"NACA","2","3","Flagstaff, AZ; Coconino and Navajo counties","Annual Report 3",0,0,0,0,0,0,0,0,1,0,1,0,0,1,1,0,0,0,0,0,0,0,0,0,0,0,1,0,0,0,4,36,1,1,1,0,1,0,0,0,0,0,1,1,0,1,0,0,0,0,0,0,1,0,0,0,0,0,0,0,0,0,0,0,0,0,0,0,0,1,0,1,0,1,0,0,0,1077,0,0,0,0,0,0,0,0,0,371,0,0,0,1,0,0,1,0,0,1,0,1,0,0,0,1,527,0,0,0,0,0,0,0,1,0,0,0,0,0,0,388,291,0,0,0,0,1,1,0,0,0,0,0,0,0,0,1,1,0,0,0,0,1,1,1,1,0,0,0,0,0,0,0,0,1,0,0,0,0,0,0,0,0,1,1,1,1,1,0
"18","Sara - full ","Helen",13,"Oregon Public Health Services","1","1","Four counties with youth suicide rates higher than the national average (Deschutes, Jackson, Josephine, Umatilla) (from application)","Annual Report 1",1,0,0,1,1,0,1,0,1,0,1,1,1,1,0,0,0,0,1,1,1,1,1,0,0,0,1,0,0,0,3,62,1,0,1,0,1,0,0,0,0,0,1,0,1,0,0,0,0,0,1,0,0,1,0,0,0,0,0,0,0,0,0,0,0,0,0,0,1,1,1,0,0,0,0,1,0,1887,0,0,0,0,0,0,0,0,0,0,0,0,0,1,0,0,1,0,0,0,0,0,0,0,0,4,2648,2330,0,0,0,0,0,0,2648,0,0,0,0,0,2648,0,1277,0,0,0,0,0,0,0,0,0,0,0,1,0,0,1,1,0,1,0,0,0,0,0,1,0,0,0,0,1,0,1,0,1,0,0,0,0,0,0,0,0,1,1,1,1,0,1
"21","Taylor","Helen",13,"Oregon Public Health Services","1","2","Deschutes County; Lane County; Multnomah County; Statewide","Annual Report 2",1,1,0,1,1,0,1,0,0,0,1,0,1,0,0,0,0,0,1,1,0,0,0,1,0,0,1,0,0,0,4,83,0,0,1,0,1,0,0,0,0,0,1,0,0,0,0,0,0,0,0,0,0,1,0,0,0,0,1,0,0,0,0,0,0,0,0,0,1,0,1,0,0,0,0,0,0,7689,0,0,0,0,0,0,0,0,5544,260,0,0,0,1,0,0,1,0,0,1,0,0,0,0,0,4,1008,750,0,0,0,0,0,0,0,0,0,0,0,0,0,750,709,1,0,0,0,0,0,0,0,0,0,0,0,0,0,0,0,0,1,0,0,0,0,0,0,0,0,0,0,0,0,0,0,0,0,0,0,0,0,0,0,0,1,1,1,1,0,0
"24","Taylor","Helen",13,"Oregon Public Health Services","1","3","Deschutes County; Multnomah County; Lane County; Statewide","Annual Report  3",1,1,1,1,1,1,1,0,0,0,1,0,1,0,0,0,0,0,1,0,0,0,0,1,0,0,1,0,0,0,4,89,1,0,1,0,1,0,0,0,0,0,1,0,0,0,0,0,0,0,1,0,0,1,0,0,0,0,0,0,0,0,0,0,0,0,0,0,0,0,1,0,0,0,0,1,0,4183,0,1529,0,0,0,0,0,0,2135,122,0,335,0,1,0,0,1,0,0,1,0,0,0,0,0,4,1588,981,0,0,0,0,0,0,0,0,0,0,0,0,0,981,962,1,0,0,0,0,0,0,0,0,0,0,0,0,0,0,0,0,1,0,0,0,0,0,0,0,0,0,0,1,0,0,0,2,0,0,0,0,0,0,0,0,1,1,1,1,0,1
"27","Taylor","Helen",13,"Oregon Public Health Services","1","1","Deschutes County; Jackson County; Josephine County; Umatilla County; Washington County; Lane County; Multnomah County; Statewide","18-Month Evaluation Report",1,0,0,0,0,0,0,0,0,0,0,0,0,0,0,0,0,0,0,0,0,0,0,0,0,0,1,0,0,0,4,90,0,0,1,0,1,0,0,0,0,0,1,0,1,0,0,0,0,0,1,0,0,1,0,0,0,0,1,0,0,0,0,0,0,0,0,0,1,1,1,0,0,0,0,1,0,2899,0,0,0,0,0,0,0,0,517,750,0,0,0,1,0,0,0,0,0,0,0,0,0,0,0,4,2808,2490,0,0,0,0,0,0,0,0,0,0,0,0,0,2490,1435,0,0,0,0,0,0,0,0,0,0,0,0,0,0,0,0,0,0,0,0,0,0,0,0,0,0,0,0,0,0,0,0,0,0,0,0,0,0,0,0,0,1,1,0,1,0,0
"30","Elizabeth","Taylor",13,"Cherokee Nation","2","3","Cherokee Nation: 14-county jurisdictional area includes these counties--Washington; Tulsa; Nowata; Rogers;Craig; Ottawa; Mayes; Delaware; Wagnoer; Cherokee; Adair; Muskogee; McIntosh; and Sequoyah","Annual Report 3",0,0,1,0,0,0,0,0,1,0,1,0,1,0,0,0,0,0,0,0,0,0,0,0,0,0,1,0,0,0,0,0,1,0,0,0,0,0,0,0,0,1,1,0,0,0,0,0,0,0,0,0,0,0,0,1,0,0,1,0,0,0,0,0,0,0,0,0,0,0,0,0,0,1,0,0,0,796,0,0,0,0,0,0,0,0,0,796,0,0,0,1,0,0,254,0,1114,0,0,0,0,0,0,0,254,0,0,0,0,0,0,0,0,0,0,0,0,0,0,124,31,0,0,0,0,0,1,0,0,0,0,0,0,0,0,0,0,0,0,0,0,1,0,0,0,0,0,0,0,0,0,0,0,0,0,0,0,0,0,0,0,0,1,1,1,1,1,0
"33","Sara - full ","Brynn",13,"Rosebud Sioux Tribe Wiconi Wakan","2","1","Rosebud Sioux Indian Reservation (googled: Todd, Mellette, Tripp, Gregory, and part of Lyman counties)","Annual Report 1",1,0,1,0,0,0,0,0,1,0,0,0,0,0,0,0,0,0,0,0,0,0,0,0,0,0,1,0,0,0,1,0,1,1,1,0,0,0,0,0,0,0,1,0,0,0,0,0,0,0,0,0,0,0,0,0,0,0,0,0,0,0,0,0,0,0,0,0,0,1,0,0,0,1,0,0,0,0,0,0,0,0,0,0,0,0,0,0,0,0,0,1,0,0,0,0,0,0,0,0,0,0,0,0,0,0,0,0,0,0,0,0,1,1,0,0,0,0,1,0,0,1,1,0,0,1,1,1,1,0,0,0,0,0,0,0,0,0,0,0,1,1,1,0,1,0,0,0,0,0,0,0,0,0,0,0,0,0,0,0,0,0,1,1,0,1,1,0
"36","Elizabeth","Sara",13,"Rosebud Sioux Tribe Wiconi Wakan","2","3","Rosebud Sioux Indian Reservation (googled: Todd, Mellette, Tripp, Gregory, and part of Lyman counties)","Annual Report 3",1,0,1,0,0,0,0,0,1,0,0,0,0,0,0,0,0,0,0,0,0,0,0,0,0,0,0,0,0,0,0,0,0,0,0,0,0,0,0,0,0,0,0,0,0,0,0,0,0,0,0,0,0,0,0,0,0,0,0,0,0,0,0,0,0,0,0,0,0,0,0,0,0,0,0,0,0,0,0,0,0,0,0,0,0,0,0,0,0,0,0,1,0,0,1,0,0,0,0,0,0,0,0,0,0,0,0,0,0,0,0,0,0,0,0,0,0,0,0,0,0,0,0,0,0,0,0,0,0,0,0,0,0,0,0,0,0,0,0,0,1,0,1,0,1,0,0,0,0,0,0,0,0,0,0,0,0,0,0,0,0,0,0,0,0,1,0,0
"39","Brynn","Sarah Mueller ",13,"Pueblo Of San Felipe KEYWAH III","2","1","Sandoval County","18 month Evaluation Report",1,0,0,0,0,0,0,0,1,0,1,0,1,0,0,0,0,1,0,1,0,0,0,0,0,0,1,0,0,0,0,0,1,0,1,0,0,0,0,0,0,0,0,0,0,0,0,0,0,0,0,0,1,0,0,0,0,0,0,0,0,0,0,0,0,0,0,0,0,0,0,0,0,1,0,0,0,0,0,0,0,0,0,0,0,0,0,0,0,60,0,1,0,0,1,0,0,0,0,0,0,0,0,4,45,42,0,0,0,0,0,0,1,0,0,0,0,0,0,42,30,1,0,0,1,1,1,0,0,0,0,0,0,0,0,0,0,0,0,0,0,1,1,0,0,0,0,0,0,0,0,0,0,1,0,149,0,0,0,0,0,0,0,1,1,1,1,0
"41","Helen","Sarah M ",13,"Pueblo Of San Felipe KEYWAH III","2","3","San Felipe Pueblo(is a city),New Mexico ","Annual Report 3 ",1,0,0,0,0,0,0,0,1,0,0,0,0,0,0,0,0,0,0,0,0,0,0,0,0,0,0,0,0,0,0,0,0,0,0,0,0,0,0,0,0,0,0,0,0,0,0,0,0,0,0,0,0,0,0,0,0,0,0,0,0,0,0,0,0,0,0,0,0,0,0,0,0,1,0,0,0,0,0,0,0,0,0,0,0,0,0,0,0,0,0,1,0,0,1,0,0,0,0,0,0,0,0,4,70,70,0,0,0,0,0,0,0,0,0,0,0,0,0,70,53,0,0,0,0,1,0,0,0,0,0,0,0,0,0,0,0,0,0,0,1,0,1,0,0,0,0,1,0,0,0,0,0,0,0,162,0,0,0,0,0,0,0,1,0,1,0,1
"43","Helen","Sarah M ",13,"Pueblo Of San Felipe KEYWAH III","2","2","San Felipe Pueblo(is a city),New Mexico ","Annual report 2 ",1,0,0,0,0,0,0,0,1,0,0,0,0,0,0,0,0,0,0,1,0,0,0,1,0,0,0,0,0,0,0,0,0,0,0,0,0,0,0,0,0,0,0,0,0,0,0,0,0,0,0,0,0,0,0,0,0,0,0,0,0,0,0,0,0,0,0,0,0,0,0,0,0,1,0,0,0,0,0,0,0,0,0,0,0,0,0,0,0,0,0,0,0,0,0,0,0,0,0,0,0,0,0,4,26,26,0,0,0,0,0,0,0,0,0,0,0,0,0,26,26,0,0,0,0,1,0,0,0,0,0,0,0,0,0,0,0,0,0,1,0,0,1,0,0,0,0,1,0,0,0,0,0,0,0,160,0,0,0,0,0,0,0,1,1,1,0,1
"45","Brynn","Sarah M ",13,"Pueblo Of San Felipe KEYWAH III","2","1","Sandoval County","Annual report 1",1,0,0,0,0,0,0,0,1,0,0,0,0,0,0,0,0,0,0,0,0,0,0,0,0,0,1,0,0,0,0,0,1,1,1,0,0,0,0,0,0,0,0,0,0,0,0,0,0,0,0,0,1,0,0,0,0,0,1,0,0,0,0,0,0,0,0,0,0,1,0,0,0,1,0,0,0,0,0,40,0,0,0,0,0,6,0,0,0,0,0,1,0,0,0,0,0,0,0,0,0,0,0,4,40,37,0,0,0,0,0,0,1,1,0,0,0,0,0,37,25,1,0,0,1,1,0,0,0,0,0,0,0,0,0,0,0,0,0,0,1,1,1,1,0,0,1,1,0,1,0,0,1,1,0,145,0,0,0,0,0,0,0,1,0,1,1,1
"47","Sara","Brynn",13,"Rosebud Sioux Tribe Wiconi Wakan","2","2","Rosebud Sioux Indian Reservation (googled: Todd, Mellette, Tripp, Gregory, and part of Lyman counties)","Annual Report 2",1,0,1,0,0,0,0,0,1,0,0,1,0,1,1,0,0,0,0,1,0,1,0,0,0,0,1,0,0,0,0,0,1,1,0,0,0,0,0,0,0,0,1,0,0,0,0,0,0,0,0,0,0,0,0,0,0,0,0,0,0,0,0,0,0,0,0,0,0,0,0,0,0,0,0,0,0,119,0,0,0,0,0,0,0,0,0,34,0,0,0,1,0,0,0,0,0,0,0,0,0,0,0,2,39,0,0,0,0,0,0,0,1,0,0,0,0,0,0,0,0,1,0,0,0,0,0,1,0,0,0,0,0,0,0,0,0,0,0,0,0,0,1,1,1,0,0,0,0,0,0,0,0,1,0,0,0,0,0,0,0,0,1,0,1,1,0,0
"50","Sara - full ","Taylor",13,"Northwest Portland Area Indian Hlth Bd","2","1","43 Federally-recognized American Indian tribes in Washington, Oregon, and Idaho","Annual Report 1",1,1,1,0,0,0,1,0,1,0,0,1,0,0,1,1,0,0,1,1,1,0,0,0,0,0,1,0,0,0,4,0,0,0,1,1,1,0,0,0,0,0,1,0,0,0,0,0,0,0,0,0,0,0,0,0,0,0,0,0,0,0,0,0,0,0,0,0,0,1,0,0,0,0,0,1,0,0,0,0,0,0,0,0,0,0,0,0,0,0,0,1,0,0,0,0,0,0,0,0,0,0,0,4,0,0,0,0,0,0,0,0,0,0,0,0,0,0,0,0,0,0,0,0,1,1,1,0,0,0,0,0,0,0,0,0,0,0,1,0,0,1,0,0,0,0,0,0,0,0,0,0,0,0,0,0,0,0,0,0,0,0,1,1,1,1,1,0
"53","Sara -full","Taylor",13,"Northwest Portland Area Indian Hlth Bd","2","2","43 Federally-recognized American Indian tribes in Washington, Oregon, and Idaho","Annual Report 2",1,1,0,0,0,0,1,0,1,0,0,1,0,0,0,0,0,0,1,1,1,0,0,0,0,0,0,0,0,0,4,0,0,0,0,0,0,0,0,0,0,0,1,0,0,0,0,0,0,0,0,0,0,0,0,0,0,0,1,0,0,0,0,0,0,0,0,0,0,0,0,0,0,1,0,1,0,962,0,65,0,0,0,0,0,1,0,0,0,0,0,1,0,0,0,0,0,0,0,0,0,0,0,0,0,0,0,0,0,0,0,0,0,0,0,0,0,0,0,0,0,0,0,0,0,0,1,0,0,0,0,0,0,0,0,0,0,0,1,0,0,1,0,0,0,0,0,0,0,0,0,0,0,0,0,0,0,0,0,0,0,0,1,1,1,1,1,0
"56","Sara - full ","Taylor",13,"Northwest Portland Area Indian Hlth Bd","2","3","44 Federally-recognized American Indian tribes in Washington, Oregon, and Idaho","Annual Report 3",1,1,0,0,0,0,1,0,0,0,0,1,0,0,1,1,0,0,1,1,0,0,0,0,0,0,0,0,0,0,0,0,1,1,1,0,0,0,0,0,0,0,1,0,0,0,0,0,0,0,0,0,0,0,0,1,0,0,0,0,0,0,0,0,0,0,0,0,1,0,0,0,0,0,0,1,0,476,0,0,0,0,0,0,0,0,0,0,0,0,0,1,0,0,0,0,0,0,0,0,0,0,0,4,0,0,0,0,0,0,0,0,0,0,0,0,0,0,0,0,0,0,0,0,0,1,1,0,0,0,0,0,0,0,0,1,0,0,1,0,0,1,0,1,0,0,0,0,0,0,0,0,0,0,0,0,0,0,0,0,0,0,1,1,1,1,1,0
"59","Elizabeth","Taylor",13,"Great Plains Tribal Chairmen's Hlth Brd     Connecting With Our Youth (CWOY)","2","1","Rapid City, SD; 8 counties in Paha Sapa catchement area: Todd, Mellette and Bennett from Rosebud; Oglala Lakota and Jackson
from Pine Ridge; Dewey and Ziebach from Cheyenne River; and Pennington County","Annual Report 1",1,1,1,1,0,0,0,0,1,0,0,0,0,0,0,0,0,0,0,0,0,0,0,0,0,0,0,0,0,0,0,0,0,0,0,0,0,0,0,0,0,0,0,0,0,0,0,0,0,0,0,0,0,0,0,0,0,0,1,0,0,0,0,0,0,0,0,0,0,0,0,0,0,1,0,0,0,0,0,1,0,0,0,1,0,1,0,1,1,0,0,0,0,0,0,0,0,0,0,0,0,0,0,0,0,0,0,0,0,0,0,0,0,0,0,0,0,0,0,0,0,0,0,0,0,1,1,0,0,0,0,0,0,0,0,0,0,0,0,1,0,1,0,1,1,1,0,1,0,0,0,0,0,1,0,0,0,0,0,0,0,0,0,1,0,1,1,1
"62","Elizabeth","Taylor",13,"Great Plains Tribal Chairmen's Hlth Brd     Connecting With Our Youth (CWOY)","2","2","Rapid City, SD; 8 counties in Paha Sapa catchement area: Todd, Mellette and Bennett from Rosebud; Oglala Lakota and Jackson
from Pine Ridge; Dewey and Ziebach from Cheyenne River; and Pennington County","18-m eval",1,1,1,1,0,0,0,0,1,0,0,0,0,0,0,0,0,0,0,0,0,0,0,0,0,0,0,0,0,0,0,0,0,0,0,0,0,0,0,0,0,0,0,0,0,0,0,0,0,0,0,0,0,0,0,0,0,0,1,0,0,0,0,0,0,0,0,0,0,0,0,0,0,1,0,0,0,0,0,0,0,0,0,0,0,0,0,0,0,0,0,0,0,0,0,0,0,0,0,0,0,0,0,0,0,0,0,0,0,0,0,0,0,0,0,0,0,0,0,134,62,0,0,0,0,1,1,0,0,0,0,0,0,0,0,0,0,0,0,1,0,0,0,0,1,0,0,1,0,0,0,0,0,1,0,0,0,0,0,0,0,0,0,1,0,1,1,1
"65","Elizabeth","Taylor",13,"Great Plains Tribal Chairmen's Hlth Brd     Connecting With Our Youth (CWOY)","2","3","Rapid City, SD; 8 counties in Paha Sapa catchement area: Todd, Mellette and Bennett from Rosebud; Oglala Lakota and Jackson
from Pine Ridge; Dewey and Ziebach from Cheyenne River; and Pennington County","Annual Report 3",1,1,1,1,0,0,0,0,1,0,0,0,0,0,0,0,0,0,0,0,0,0,0,0,0,0,0,0,0,0,0,0,0,0,0,0,0,0,0,0,0,0,0,0,0,0,0,0,0,0,0,0,0,0,0,0,0,0,0,0,0,0,0,0,0,0,0,0,0,0,0,0,0,1,0,0,0,0,0,0,0,0,0,0,0,0,0,0,0,0,0,0,0,0,0,0,0,0,0,0,0,0,0,0,0,0,0,0,0,0,0,0,0,0,0,0,0,0,0,300,0,0,0,0,1,1,1,0,1,0,0,0,0,0,0,0,1,0,0,1,0,1,0,1,1,1,0,0,0,0,0,0,0,1,0,0,0,0,0,0,0,0,0,1,0,1,1,0
"68","Sarah Mueller ","Taylor",13,"Johns Hopkins University White Mountain Apache Celebrating Life","2","1","Whiteriver and Shiprock, AZ","Annual Report 2",1,0,0,0,0,0,0,0,1,0,1,0,0,0,0,0,0,0,0,0,0,1,0,0,1,0,1,0,0,0,1,2,1,0,1,0,1,0,0,0,0,0,0,0,0,0,0,0,0,0,0,0,0,0,0,0,0,0,0,0,0,0,0,0,0,0,0,0,0,0,0,0,0,1,0,0,0,372,0,0,0,0,0,0,0,0,0,0,0,0,0,1,0,0,0,0,0,0,0,0,0,0,0,1,209,0,0,0,0,0,0,0,0,0,0,0,0,0,0,0,0,0,0,0,0,0,0,0,0,0,0,0,0,0,0,0,0,0,0,0,0,0,0,0,1,0,0,0,0,0,0,0,0,0,0,0,0,0,0,0,0,0,1,1,1,1,0,0
"70","Sarah Mueller ","Taylor",13,"Johns Hopkins University White Mountain Apache Celebrating Life","2","2","Whiteriver and Shiprock, AZ","Annual Report 1",1,0,0,0,0,0,0,0,1,0,1,0,0,0,0,0,0,0,0,1,0,1,0,1,1,0,1,0,0,0,4,13,1,0,1,0,1,0,0,0,0,0,0,0,0,0,0,0,0,0,0,0,0,0,0,0,0,0,0,0,0,0,0,0,0,0,0,0,0,0,0,0,0,1,0,0,0,77,1,1,0,0,0,1,0,1,1,1,1,0,0,1,0,0,0,0,0,0,0,0,1,0,0,1,494,0,0,0,0,0,0,0,0,0,0,0,0,0,0,24,0,0,0,0,0,0,0,0,0,0,0,0,0,0,0,0,0,0,0,0,0,0,0,1,1,0,0,0,0,0,0,0,0,0,0,0,0,0,0,0,0,0,1,1,1,1,0,0
"72","Diamond","Taylor",13,"Texas Health and Human Services Commission","1","1","Galveston County, TX","Annual Report 1",1,1,0,0,0,0,0,0,0,0,0,0,0,0,0,0,0,0,0,0,0,0,0,0,0,0,0,0,0,0,0,0,0,0,0,0,0,0,0,0,0,0,0,0,0,0,0,0,0,0,0,0,0,0,0,0,0,0,0,0,0,0,0,0,0,0,0,0,1,0,0,0,0,0,0,0,0,0,0,0,0,0,0,0,0,0,0,0,0,0,0,0,0,0,0,0,0,0,0,0,0,0,0,0,0,0,0,0,0,0,0,0,0,0,0,0,0,0,0,0,0,0,0,0,0,0,0,0,0,0,0,0,0,0,0,0,0,0,0,0,0,0,0,0,0,0,0,0,0,0,0,0,0,0,0,0,0,0,0,0,0,0,0,1,0,1,0,0
"75","Diamond","Taylor",13,"Texas Health and Human Services Commission","1","2","Galveston County, TX","Annual Report 2",1,1,0,0,0,1,0,0,0,0,0,0,0,0,1,0,0,0,0,1,0,0,0,0,1,0,0,0,0,0,0,0,0,0,0,0,1,0,0,0,0,0,0,0,0,0,0,0,0,0,1,0,0,0,0,0,0,0,0,0,0,0,0,0,1,0,0,0,0,0,0,1,0,0,0,0,0,26,0,1,0,0,0,0,0,0,0,1,0,0,0,1,0,0,1,0,0,0,0,0,0,0,0,0,0,0,0,0,0,0,0,0,0,0,0,0,0,0,0,0,0,1,0,0,0,0,0,0,0,0,0,0,0,0,0,0,0,0,1,0,0,0,0,0,0,0,0,0,0,0,0,0,0,0,0,0,0,0,0,0,0,0,1,1,1,1,0,0
"78","Diamond","Taylor",13,"Texas Health and Human Services Commission","1","1","Galveston County, TX","18-m eval",1,1,0,0,0,0,0,0,0,0,0,0,0,0,0,0,0,0,0,0,0,0,0,0,1,0,0,0,0,0,0,0,0,0,0,0,1,0,0,0,0,0,0,0,0,0,0,0,0,0,0,0,0,1,0,0,0,0,1,0,0,0,0,0,0,0,0,0,0,0,0,0,0,0,0,1,0,0,0,0,0,0,0,0,0,0,0,0,0,0,0,0,0,0,0,0,0,0,0,0,0,0,0,0,0,0,0,0,0,0,0,0,0,0,0,0,0,0,0,0,0,0,0,0,0,0,0,1,0,0,0,0,0,0,0,0,0,0,0,0,0,1,0,0,0,1,0,1,0,0,0,0,0,0,0,0,0,0,0,0,0,0,1,1,1,1,0,1
"81","Diamond","Taylor",13,"Texas Health and Human Services Commission","1","3","Galveston County, TX","Annual Report 3",0,1,0,0,0,0,0,0,0,0,0,0,0,0,0,0,0,0,0,0,0,0,0,0,1,0,0,0,0,0,0,0,0,0,0,0,1,0,0,0,0,0,0,0,0,0,0,0,0,0,0,0,0,0,0,0,0,0,1,0,0,0,0,0,1,0,0,0,0,0,0,0,0,1,0,1,0,0,0,0,0,0,0,0,0,0,0,0,0,0,0,1,0,0,0,0,0,0,0,0,0,0,0,0,1126,0,0,0,0,0,0,0,0,0,0,0,0,0,0,8,0,0,0,0,0,0,0,0,0,0,0,0,0,0,0,0,0,0,0,0,0,1,0,0,0,0,0,0,0,1,0,1,0,0,0,0,0,0,0,0,0,0,1,1,1,1,0,1
"84","Sara - full ","Brynn",13,"Saint Regis Mohawk Tribe","2","1","Saint Regis Mohawk Tribe Reservation (based on app: between St. Lawrence and Franklin Counties)","Annual Report 1",1,0,1,0,0,0,0,0,1,0,1,1,0,1,0,0,0,0,0,1,0,1,1,0,0,1,1,0,0,0,0,4,0,0,0,0,0,0,0,0,0,0,1,0,0,0,0,0,0,0,0,0,0,0,0,0,0,0,0,0,0,0,0,0,0,0,0,0,0,0,0,0,0,1,0,0,0,0,0,0,0,0,0,0,0,0,0,0,0,0,0,0,0,0,0,0,0,0,0,0,0,0,0,4,0,0,0,0,0,0,0,0,0,0,0,0,0,0,1,0,0,0,0,0,0,0,0,0,0,0,0,0,0,0,0,0,1,0,0,0,1,0,1,0,0,1,0,0,0,0,0,0,0,1,0,0,0,0,0,0,0,0,1,1,1,1,0,0
"87","Pablo - full","Brynn",13,"Saint Regis Mohawk Tribe","2","3","Saint Regis Mohawk Tribe;Franklin county & St. Lawrence County (per application)","Annual Report 3",1,1,1,0,0,0,0,0,1,0,0,1,0,1,0,0,0,0,0,1,0,1,1,0,0,1,1,0,0,0,0,2,0,0,0,0,0,0,0,0,0,0,1,0,0,0,0,0,0,0,0,0,0,0,0,0,0,0,0,0,0,0,0,0,0,0,0,0,0,0,0,0,0,0,0,0,0,0,0,0,0,0,0,0,0,0,0,0,0,0,0,1,0,0,0,0,0,0,0,0,0,0,0,4,0,0,0,0,0,0,0,0,0,0,0,0,0,0,1,0,191,0,0,0,1,1,0,1,0,0,0,0,0,0,0,0,1,0,0,0,0,0,1,0,0,1,0,0,0,0,0,0,0,1,0,0,0,0,0,0,0,0,1,0,1,1,1,0
"90","Pablo - full","Brynn",13,"Saint Regis Mohawk Tribe","2","1","Saint Regis Mohawk Tribe Reservation (based on app: between St. Lawrence and Franklin Counties)","Evaluation Report",1,0,0,0,0,0,0,0,0,0,0,0,0,0,0,0,0,0,0,1,0,1,0,0,0,0,1,0,0,0,4,8,0,0,0,0,0,0,0,0,0,0,1,0,0,0,0,0,0,0,0,0,0,0,0,0,0,0,1,0,0,0,0,0,0,0,0,0,0,0,0,0,0,0,0,0,0,0,0,0,0,0,0,0,0,0,0,0,0,0,0,1,0,0,0,0,0,0,0,0,0,0,0,2,332,51,0,0,0,0,0,0,0,0,0,0,0,0,1,0,32,0,0,0,0,0,0,0,0,0,0,0,0,0,0,0,1,1,0,0,1,0,1,0,1,1,0,1,0,1,0,1,0,0,0,0,0,0,0,0,0,0,1,1,1,1,0,1
"93","Brynn","Pablo",13,"New Mexico","1","1","New Mexico (Statewide);Sandoval County; Santa Fe County","Annual Report 1",1,0,0,0,0,0,0,0,0,0,1,1,0,0,0,0,1,0,0,1,0,0,0,0,0,0,1,0,0,0,2,0,1,0,1,0,0,0,0,0,0,0,1,0,0,0,0,0,0,0,0,0,0,0,0,0,0,0,1,0,0,0,0,0,0,0,0,1,0,0,0,0,0,0,0,0,0,1220,0,0,0,0,0,0,0,0,0,0,0,0,0,0,0,0,0,0,0,0,0,0,0,0,0,0,0,0,0,0,0,0,0,0,0,0,0,0,0,0,1,0,0,0,0,0,0,0,0,1,0,0,0,0,0,0,0,0,0,0,0,0,0,1,0,0,0,0,0,0,0,0,0,0,0,0,0,0,0,0,0,0,0,0,1,1,1,1,0,0
"96","Diamond","Helen",13,"University of Nebraska Lincoln","1","1","Region 5 in southeast Nebraska (Butler County; Fillmore County; Gage County; Jefferson County; Johnson County; Lancaster County; Nemaha County; Otoe County; Pawnee County; Polk City; Richardson County; Saline County; Saunders County; Seward County; Thayer County; York County); Statewide","Annual Report 1",1,1,0,0,1,0,1,0,0,0,1,1,1,1,1,0,0,0,1,1,1,0,0,1,0,0,1,0,0,0,2,0,0,0,0,0,0,0,0,0,0,0,1,0,0,0,0,0,0,0,1,0,0,0,0,0,0,0,1,0,0,0,0,0,1,0,0,0,0,1,0,1,0,1,0,0,0,0,0,0,26,0,0,0,0,0,0,31,0,0,0,1,0,0,1,0,0,0,0,0,0,0,0,4,67,0,0,0,0,0,0,0,0,1,0,0,0,0,0,6,0,1,0,0,0,0,0,0,0,0,1,0,0,0,0,0,0,0,1,0,0,1,0,1,0,0,0,0,0,0,0,0,0,0,0,0,0,0,0,0,0,0,1,1,1,1,0,0
"99","Diamond","Helen",13,"University of Nebraska Lincoln","1","2","Region 5 in southeast Nebraska (Butler County; Fillmore County; Gage County; Jefferson County; Johnson County; Lancaster County; Nemaha County; Otoe County; Pawnee County; Polk City; Richardson County; Saline County; Saunders County; Seward County; Thayer County; York County); Statewide","Annual Report 2",1,1,0,0,1,0,1,0,1,0,1,1,0,1,1,0,0,0,1,1,0,0,0,0,0,0,1,0,0,0,2,0,0,0,0,0,0,0,0,0,0,0,1,0,0,0,0,0,0,0,1,0,0,0,0,0,0,0,0,0,0,0,0,0,0,0,0,0,0,1,0,0,0,0,0,0,0,0,0,0,0,0,0,0,0,0,0,123,0,0,0,1,0,0,1,0,0,0,0,0,0,0,0,4,134,0,0,0,0,0,0,0,0,0,0,0,0,0,0,32,0,1,0,0,0,1,1,0,0,0,0,0,0,0,0,0,0,0,1,0,0,0,0,0,0,0,0,0,0,0,0,0,0,0,0,0,0,0,0,0,0,0,1,1,1,1,1,0
"102","Diamond","Helen",13,"University of Nebraska Lincoln","1","3","Region 5 in southeast Nebraska (Butler County; Fillmore County; Gage County; Jefferson County; Johnson County; Lancaster County; Nemaha County; Otoe County; Pawnee County; Polk City; Richardson County; Saline County; Saunders County; Seward County; Thayer County; York County); Statewide","Annual Report 3",1,1,0,1,1,0,0,0,0,0,1,1,0,1,0,0,0,0,1,1,0,1,0,0,0,0,1,0,0,0,4,43,1,0,0,0,0,0,0,0,0,0,1,0,0,0,0,0,0,0,1,0,0,0,0,0,0,0,0,0,0,0,0,0,0,0,0,0,0,1,0,1,0,0,0,0,0,0,0,0,0,0,0,0,0,0,0,41,0,0,0,1,0,0,1,0,0,0,0,0,0,0,0,4,889,0,0,0,0,0,0,0,0,0,0,0,0,0,0,288,0,1,0,0,0,0,0,0,0,0,1,0,0,0,0,0,0,0,0,0,0,1,0,0,0,0,0,0,0,0,0,0,0,0,0,0,0,0,0,0,0,0,1,1,1,1,0,0
"105","Diamond","Helen",13,"University of Nebraska Lincoln","1","1","Region 5 in southeast Nebraska (Butler County; Fillmore County; Gage County; Jefferson County; Johnson County; Lancaster County; Nemaha County; Otoe County; Pawnee County; Polk City; Richardson County; Saline County; Saunders County; Seward County; Thayer County; York County); Statewide","18-Month Evaluation Report",1,1,0,0,1,0,0,0,0,0,1,0,0,1,0,0,0,0,0,1,0,0,0,0,0,0,1,0,0,0,0,36,0,0,0,0,0,0,0,0,0,0,1,0,0,0,0,0,0,0,0,0,0,0,0,0,0,0,0,0,0,0,0,0,0,0,0,0,0,0,0,0,0,1,0,0,0,0,0,0,0,0,0,0,0,0,0,136,0,0,0,1,0,0,0,0,0,0,0,0,0,0,0,4,96,0,0,0,0,0,0,0,0,0,0,0,0,0,0,7,0,1,0,0,0,0,0,0,0,0,1,0,0,0,0,0,0,0,1,0,0,0,0,1,0,0,0,0,0,0,0,0,0,0,0,0,0,0,0,0,0,0,1,1,1,1,0,0
"108","Brynn","Pablo",13,"New Mexico","1","2","New Mexico Statewide;Bernalillo, NM","Annual Report 2",1,0,0,0,0,0,0,0,0,0,1,1,0,0,0,0,1,0,1,1,0,1,1,0,0,1,1,0,0,0,2,38,1,1,1,0,0,0,0,0,0,0,1,0,0,0,0,0,0,0,0,0,0,0,0,0,0,0,1,0,0,0,0,0,0,0,0,0,1,1,0,0,0,0,0,0,0,0,0,0,0,0,0,0,0,0,0,0,0,0,0,1,0,0,1,0,0,0,1,0,0,0,0,0,0,0,0,0,0,0,0,0,0,0,0,0,0,0,0,0,0,1,0,0,0,0,0,1,1,0,0,0,1,0,1,0,0,0,1,0,0,1,0,0,1,0,0,0,0,0,0,0,0,1,0,0,0,0,0,0,0,0,1,1,1,1,0,0
"111","Sara - full ","Diamond",13,"Mississippi Department of Mental Health","1","1","Region 8: Rankin, Madison, Simpson, Lincoln, and Copiah counties ","Annual Report 1",1,0,0,0,0,0,0,0,0,0,0,0,0,0,0,0,0,0,0,0,0,0,0,0,0,0,1,0,0,0,4,0,1,1,1,0,0,0,0,0,0,0,0,0,0,0,0,0,0,0,0,0,0,0,0,0,0,0,0,0,0,0,0,0,0,0,0,0,0,1,0,1,0,1,0,0,0,16482,0,0,1,0,0,0,0,0,0,96,8219,0,0,0,0,0,0,0,0,0,0,0,0,0,0,0,0,0,0,0,0,0,0,0,0,0,0,0,0,0,0,0,0,0,0,0,0,0,0,0,0,0,0,0,0,0,0,0,0,0,0,0,0,1,0,0,0,0,0,0,0,0,0,0,0,0,0,0,0,0,0,0,0,0,0,1,0,1,0,0
"114","Sara ","Diamond",13,"Mississippi Department of Mental Health","1","2","Region 8: Rankin, Madison, Simpson, Lincoln, and Copiah counties ","Annual Report 2",1,0,0,1,0,0,0,0,0,0,0,0,0,0,0,0,0,0,0,0,0,0,0,0,0,0,1,0,0,0,3,0,1,1,1,0,0,0,0,0,0,0,0,0,0,0,0,0,0,0,0,0,0,0,0,0,0,0,0,0,0,0,0,0,0,0,0,0,0,0,0,1,0,1,0,0,0,0,0,0,0,0,1,0,0,0,0,0,0,0,0,1,0,0,1,0,0,0,0,0,0,0,0,4,698,75,0,0,0,0,0,0,1,0,0,0,0,0,0,38,58,0,0,0,0,0,0,0,0,0,0,0,0,0,0,0,0,0,0,0,0,0,0,0,0,0,0,0,0,0,0,0,0,0,0,0,0,0,0,0,0,0,0,1,0,1,0,0
"117","Sara","Diamond",13,"Mississippi Department of Mental Health","1","3","Region 8: Rankin, Madison, Simpson, Lincoln, and Copiah counties ","Annual Report 3",1,0,0,0,0,0,1,0,0,0,0,0,0,0,0,0,0,0,0,0,0,0,0,0,0,0,1,0,0,0,4,0,1,0,1,0,0,0,0,0,0,0,0,0,0,0,0,0,0,0,0,0,0,0,0,0,0,0,0,0,0,0,0,0,0,0,0,0,0,0,0,1,0,1,0,0,0,0,0,0,0,0,0,0,0,0,0,1014,0,1,0,1,0,0,1,0,0,0,0,0,0,0,0,4,0,0,0,0,0,0,0,0,0,0,0,0,0,0,0,72,58,0,0,0,0,0,0,0,0,0,0,0,0,0,0,0,0,0,0,0,0,0,0,0,0,0,0,0,0,0,0,0,0,0,0,0,0,0,0,0,0,0,0,1,0,1,0,0
"120","Taylor","Diamond",13,"Tule River Indian Health Center, Inc.","2","1","Tule River Indian Reservation; Tulare County, CA","Annual Report 1",0,1,0,0,0,0,0,0,1,0,1,0,1,0,1,0,0,0,0,0,0,0,0,0,0,1,1,0,0,0,0,3,0,0,1,0,0,0,0,0,0,0,0,0,0,0,0,0,0,0,0,0,0,0,0,0,0,0,0,0,0,0,0,0,0,0,0,0,0,0,0,0,0,1,0,0,0,23,0,0,0,0,0,0,0,0,0,19,0,4,0,0,0,0,0,0,0,0,0,0,0,0,0,0,0,0,0,0,0,0,0,0,0,0,0,0,0,0,0,0,0,0,0,0,0,0,0,0,0,0,0,0,0,0,0,0,0,0,0,0,0,1,0,0,0,0,0,0,0,0,0,0,0,0,0,0,0,0,0,0,0,0,0,1,1,1,0,0
"123","Taylor","Diamond",13,"Tule River Indian Health Center, Inc.","2","1","Tule River Indian Reservation; Tulare County, CA","Annual Report 2",1,1,0,0,0,0,0,0,1,0,1,0,0,1,0,0,0,0,0,1,0,0,0,0,0,0,0,0,0,0,0,0,0,0,0,0,0,0,0,0,0,0,0,0,0,0,0,0,0,0,0,0,0,0,0,0,0,0,0,0,0,0,0,0,0,0,0,0,0,0,0,0,0,0,0,0,0,0,0,0,0,0,0,0,0,0,0,0,0,0,0,0,0,0,0,0,0,0,0,0,0,0,0,0,0,0,0,0,0,0,0,0,0,0,0,0,0,0,0,0,0,0,0,0,0,0,0,0,0,0,0,0,0,0,0,0,0,0,0,0,0,1,1,0,0,0,0,0,0,0,0,0,0,0,0,0,0,0,0,0,0,0,0,0,1,1,0,0
"126","Taylor","Diamond",13,"Tule River Indian Health Center, Inc.","2","3","Tule River Indian Reservation; Tulare County, CA","Annual Report 3",1,1,0,0,0,0,0,0,1,0,0,0,0,0,0,0,0,0,0,1,0,0,0,0,0,0,1,0,0,0,1,0,0,0,0,0,0,0,0,0,0,0,0,0,0,0,0,0,0,0,0,0,0,0,0,0,0,0,0,0,0,0,0,0,0,0,0,0,0,0,0,0,0,0,0,0,0,0,0,0,0,0,0,0,0,0,0,0,0,0,0,0,0,0,0,0,0,0,0,0,0,0,0,0,0,0,0,0,0,0,0,0,0,0,0,0,0,0,0,0,0,0,0,0,0,1,1,0,0,0,0,0,0,0,0,0,0,0,0,0,0,1,1,0,0,0,0,0,0,0,0,0,0,0,0,0,0,0,0,0,0,0,0,0,1,1,1,0
"129","Taylor","Diamond",13,"Tule River Indian Health Center, Inc.","2","2","Tule River Indian Reservation; Tulare County, CA","18montheval",1,1,0,0,0,0,0,0,1,0,1,0,0,0,0,0,0,0,0,1,0,0,0,1,0,1,1,0,0,0,3,4,0,0,0,0,0,0,0,0,0,0,1,0,0,0,0,0,0,0,0,0,0,0,0,0,0,0,0,0,0,0,0,0,0,0,0,0,0,0,0,0,0,1,0,0,0,0,0,0,0,0,0,0,0,0,0,0,0,0,0,0,0,0,0,0,0,0,0,0,0,0,0,0,0,0,0,0,0,0,0,0,0,0,0,0,0,0,0,0,0,0,0,0,0,1,0,0,0,0,0,0,0,0,0,0,0,0,0,0,0,0,1,0,0,0,0,0,0,0,0,0,0,0,0,0,0,0,0,0,0,0,1,1,1,1,0,0
"132","Sara - full ","Taylor",13,"Northwest Portland Area Indian Hlth Bd","2","1","44 Federally-recognized American Indian tribes in Washington, Oregon, and Idaho","18-m eval",1,1,0,0,0,0,0,0,1,0,0,0,0,0,0,0,0,0,0,1,0,0,0,1,0,0,1,0,0,0,3,0,0,0,1,0,0,0,0,0,0,0,0,0,0,0,0,0,0,0,0,0,0,0,0,0,0,0,0,0,0,0,0,0,0,0,0,0,0,0,0,0,0,0,0,0,0,0,0,0,0,0,0,0,0,0,0,0,0,0,0,1,0,0,0,0,0,0,0,0,0,0,0,0,0,280,0,0,0,0,0,0,0,0,0,0,0,0,0,96,89,0,0,0,1,0,0,0,0,0,0,0,0,0,0,0,0,0,0,0,0,0,0,0,0,0,0,0,0,0,0,0,0,0,0,0,0,0,0,0,0,0,0,0,1,1,1,0
"135","Elizabeth","Taylor",13,"Cherokee Nation","2","1","Cherokee Nation: 14-county jurisdictional area (counties include: Washington; Tulsa; Nowata; Rogers; Craig; Ottawa; Mayes; Delaware; Wagnoer; Cherokee; Adair; Muskogee; Mcintosh; and Sequoyah (per grantee application)","18m-eval",1,0,0,0,0,0,0,0,1,0,1,0,0,1,1,0,0,0,0,0,0,1,0,0,0,0,1,0,0,0,0,0,1,0,0,0,0,0,0,0,0,1,1,0,0,0,0,0,0,0,0,0,0,0,0,1,0,0,0,0,0,0,0,0,0,0,0,0,0,0,0,0,1,1,0,0,0,336,0,0,0,0,0,0,0,0,0,78,0,0,0,1,0,0,0,0,0,0,0,0,0,0,0,0,140,0,0,0,0,0,0,0,0,0,0,0,0,0,0,97,35,0,0,0,0,0,0,0,0,0,0,0,0,0,0,0,0,0,0,0,0,1,0,0,0,0,0,0,0,0,0,0,0,0,0,0,0,0,0,0,0,0,1,1,1,1,0,0
"138","Brynn","Pablo",13,"New Mexico","1","3","New Mexico Statewide; except for Union and De Baca counties","Annual Report 3",1,1,0,1,0,0,0,0,0,0,1,1,0,0,0,0,0,0,0,0,0,0,0,0,0,0,1,0,0,0,2,41,1,0,1,0,0,0,0,0,0,0,1,0,0,0,0,0,0,0,0,0,0,0,0,0,0,0,1,0,0,0,0,0,0,0,0,0,1,1,0,0,0,0,0,0,0,0,0,0,0,0,0,0,0,0,0,0,0,0,0,1,0,0,1,0,0,0,0,0,0,0,0,2,16,15,0,0,0,0,0,0,1,16,0,0,0,0,0,15,0,0,0,0,0,0,0,1,0,0,0,0,0,0,0,0,0,0,0,0,0,1,0,0,1,0,0,0,0,0,0,0,0,0,0,0,0,0,0,0,0,0,1,1,1,1,0,0
"141","Brynn","Pablo",13,"New Mexico","1","2","New Mexico Statewide; focus counties were Bernalillo, McKinley, Otero, Rio Arriba, and San Juan","18-month report",1,0,0,0,0,0,0,0,1,0,1,1,0,0,0,0,1,0,1,1,0,1,1,0,0,0,1,0,0,0,2,80,0,0,0,0,0,0,0,0,0,0,1,0,0,0,0,0,0,0,0,0,0,0,0,0,0,0,1,0,0,0,0,0,0,0,0,0,0,0,0,0,0,0,0,0,0,0,0,0,0,0,0,0,0,0,0,0,0,0,0,0,0,0,0,0,0,0,0,0,0,0,0,0,0,0,0,0,0,0,0,0,0,0,0,0,0,0,0,0,0,0,0,0,0,0,0,1,0,0,0,0,0,0,0,0,0,0,0,0,0,1,0,0,0,0,0,0,0,0,0,0,0,1,0,0,0,0,0,0,0,0,1,1,1,1,0,0
"144","Sarah Mueller ","Diamond",13,"Two Feathers Native American Family Services","2","1","Humboldt County, CA","Annual Report 1",1,0,0,0,0,0,0,0,1,0,1,0,0,0,0,0,0,0,0,1,0,0,0,0,0,0,1,0,0,0,4,0,1,0,1,0,0,0,0,0,0,0,0,0,0,1,0,0,0,0,0,0,0,0,0,0,0,0,1,0,0,0,0,0,0,0,0,0,0,0,0,1,0,1,0,0,0,96,0,1,1,0,0,0,0,0,0,1,0,0,0,1,0,0,1,0,0,0,0,0,0,0,0,3,284,277,0,0,0,0,0,0,1,1,0,1,1,0,0,63,7,0,0,0,1,1,0,1,0,0,0,0,0,0,0,0,0,0,0,1,0,1,1,1,1,1,0,1,0,0,0,0,0,1,0,0,0,0,0,0,0,0,1,1,1,1,1,1
"146","Sarah Mueller ","Diamond",13,"Two Feathers Native American Family Services","2","3","Humboldt County, CA","Annual Report 3",1,0,0,0,0,0,0,0,1,0,0,0,0,0,0,0,0,0,0,0,0,0,0,0,0,0,0,0,0,0,0,0,0,0,0,0,0,0,0,0,0,0,0,0,0,0,0,0,0,0,0,0,0,0,0,0,0,0,0,0,0,0,0,0,0,0,0,0,0,0,0,0,0,0,0,0,0,0,0,0,0,0,0,0,0,0,0,1,0,0,0,1,0,0,0,0,0,0,0,0,0,0,0,0,145,0,0,0,0,0,0,0,1,1,1,1,0,0,0,207,395,0,0,0,0,0,0,0,0,0,0,0,0,0,0,0,0,0,0,0,0,1,0,0,0,0,0,0,0,0,0,0,0,1,0,0,0,0,0,0,0,0,0,0,0,1,0,0
"148","Sarah Mueller ","Diamond",13,"Two Feathers Native American Family Services","2","1","Humboldt County, CA","18month Eval",1,0,0,0,0,0,0,0,1,0,1,0,0,0,0,0,0,0,0,1,0,0,0,0,0,0,1,0,0,0,4,0,1,0,1,0,0,0,0,0,0,0,0,0,0,0,0,0,0,0,0,0,0,0,0,0,0,0,0,0,0,0,0,0,0,0,0,0,0,0,0,0,0,1,0,0,0,0,0,0,0,0,0,0,0,0,0,0,0,0,0,1,0,0,0,0,0,0,0,0,0,0,0,0,91,0,0,0,0,0,0,0,1,1,0,0,0,0,0,99,94,0,0,0,0,1,0,0,0,0,0,0,0,0,0,0,0,0,0,0,0,0,1,0,0,1,0,1,0,0,0,0,0,1,0,0,0,0,0,0,0,0,0,1,1,1,0,1
"150","Brynn","Helen",13,"Pascua Yaqui Tribe","2","1","New Pascua Yaqui Reservation (from app)","Annual Report 1",1,0,0,0,0,0,0,0,1,0,1,1,1,1,1,0,0,0,0,1,1,0,0,1,0,0,1,0,0,0,0,0,0,0,1,0,0,0,0,0,0,0,0,0,0,0,0,0,0,0,0,0,0,0,0,0,0,0,0,0,0,0,0,0,0,0,0,0,0,0,0,0,0,0,0,0,0,0,0,0,0,0,0,0,0,0,0,0,0,0,0,0,0,0,0,0,0,0,0,0,0,0,0,0,0,0,0,0,0,0,0,0,0,0,0,0,0,0,0,0,0,0,0,0,0,0,0,1,0,0,0,0,0,0,0,0,0,0,0,0,0,1,0,0,0,0,0,0,0,0,0,0,0,1,0,0,0,0,0,0,0,0,0,0,1,1,0,0
"153","Brynn","Helen",13,"Pascua Yaqui Tribe","2","2","New Pasqua Yaqui Reservation in Pima County","Annual Report 2 (Googled county)",1,0,0,0,0,0,0,0,1,0,0,1,1,0,1,0,0,0,0,1,0,0,0,1,0,0,1,0,0,0,1,1,0,0,1,0,1,0,0,0,0,0,0,0,0,0,0,0,0,0,0,0,0,0,0,0,0,0,0,0,0,0,0,0,0,0,0,0,0,0,0,0,0,1,0,0,0,0,0,0,0,0,0,0,0,1,0,0,0,0,0,1,0,0,0,0,0,0,0,0,1,1,0,4,33,0,11,22,0,0,0,0,0,0,0,0,0,0,0,0,0,0,0,0,0,0,0,1,0,0,0,0,0,0,0,0,0,1,0,0,0,1,0,0,0,0,0,0,0,0,0,0,0,1,0,0,0,0,0,0,0,0,1,1,1,1,0,0
"156","Brynn","Helen",13,"Pascua Yaqui Tribe","2","3","New Pasqua Yaqui Reservation in Pima County","Annual Report 3 (Googled county)",1,0,0,0,0,0,0,0,1,0,1,0,1,0,1,0,0,0,0,1,1,1,0,1,0,0,1,0,0,0,0,2,0,0,0,0,0,0,0,0,0,0,1,0,0,0,0,0,0,0,0,0,0,0,0,0,0,0,0,0,0,1,0,0,0,0,0,1,0,1,0,0,0,0,0,0,0,0,0,0,0,0,0,0,0,1,0,0,0,0,0,1,0,0,1,0,0,0,0,0,1,1,0,4,99,0,50,43,0,0,0,5,0,0,0,0,0,0,0,0,0,0,0,0,0,0,1,1,0,0,0,0,0,0,0,0,0,0,1,0,0,1,0,0,0,0,0,0,0,0,0,0,0,0,0,0,0,0,0,0,0,0,1,1,1,1,1,0
"159","Brynn","Helen",13,"Pascua Yaqui Tribe","2","1","New Pasqua Yaqui Reservation in Pima County","Evaluation Report (Googled county)",1,0,0,0,0,0,0,0,1,0,1,0,0,0,1,0,0,0,0,0,0,0,0,0,0,0,0,0,0,0,0,0,0,0,0,0,0,0,0,0,0,0,0,0,0,0,0,0,0,0,0,0,0,0,0,0,0,0,0,0,0,0,0,0,0,0,0,0,0,0,0,0,0,0,0,0,0,0,0,0,0,0,0,0,0,0,0,0,0,0,0,0,0,0,0,0,0,0,0,0,0,0,0,0,0,0,0,0,0,0,0,0,0,0,0,0,0,0,0,0,0,0,0,0,0,0,0,0,0,0,0,0,0,0,0,0,0,1,0,0,0,1,0,0,0,0,0,0,0,0,0,0,0,1,0,0,0,0,0,0,0,0,0,0,1,1,0,0
"162","Elizabeth","Brynn",13,"Utah State Department Of Human Services","1","1","Northeastern Utah (from application: Uintah, Daggett,  Duchesne Counties, and the UTE Indian Reservation); Salt Lake County","Annual Report 1",1,1,0,0,0,0,0,0,0,0,1,0,1,1,1,0,0,1,0,1,0,1,0,1,0,0,1,0,0,0,0,0,1,0,0,0,0,0,0,0,1,0,0,0,0,0,0,0,0,0,0,0,0,0,0,0,0,0,0,0,0,0,0,0,0,0,0,0,0,0,0,0,0,0,0,0,0,0,0,0,0,0,0,0,0,0,0,0,0,0,0,1,0,0,0,0,0,0,0,0,0,0,0,4,0,0,0,0,0,0,0,0,0,0,0,0,0,0,0,0,0,1,0,0,0,0,1,0,0,0,0,0,0,0,0,0,1,0,0,0,0,1,1,0,0,0,0,0,0,0,0,0,0,0,0,0,0,0,0,0,0,0,1,0,1,1,1,0
"165","Elizabeth","Brynn",13,"Utah State Department Of Human Services","1","1","Northeastern Utah (from application: Uintah, Daggett,  Duchesne Counties, and the UTE Indian Reservation); Salt Lake County","18-Month Evaluation",1,1,1,0,0,0,0,0,0,0,1,0,0,0,0,0,0,0,0,0,0,0,0,0,0,0,1,0,0,0,4,0,1,0,1,0,0,0,0,0,1,0,1,0,0,0,0,0,0,0,0,0,0,0,0,0,0,0,0,0,0,0,0,0,0,0,0,0,0,0,0,0,0,0,0,0,0,300,0,300,0,0,0,0,0,0,0,0,0,0,0,1,0,0,0,0,0,0,0,0,0,0,0,2,0,0,0,0,0,0,0,0,0,0,0,0,0,0,0,0,0,0,0,0,0,0,0,0,0,0,0,0,0,0,0,0,1,0,0,0,0,1,0,0,0,1,0,1,0,0,0,0,0,1,0,0,0,0,0,0,0,0,1,0,0,1,0,1
"168","Elizabeth","Brynn",13,"Utah State Department Of Human Services","1","2","Northeastern Utah (from application: Uintah, Daggett,  Duchesne Counties, and the UTE Indian Reservation); Salt Lake County","Annual Report 2",1,0,1,0,0,0,0,0,0,0,1,1,1,0,0,0,0,0,0,0,0,0,0,1,0,0,0,0,0,0,0,0,0,0,0,0,0,0,0,0,0,0,0,0,0,0,0,0,0,0,0,0,0,0,0,0,0,0,0,0,0,0,0,0,0,0,0,0,0,0,0,0,0,0,0,0,0,0,0,0,0,0,0,0,0,0,0,0,0,0,0,1,0,0,0,0,0,0,0,0,0,0,0,0,0,0,0,0,0,0,0,0,0,1,0,0,0,0,0,0,0,0,0,0,0,0,1,0,0,0,0,0,0,0,0,1,1,0,0,0,0,1,1,0,0,0,0,1,0,0,0,0,0,0,0,0,0,0,0,0,0,0,0,0,1,1,1,1
"171","Elizabeth","Brynn",13,"Utah State Department Of Human Services","1","3","Northeastern Utah (from application: Uintah, Daggett,  Duchesne Counties, and the UTE Indian Reservation); Salt Lake County","Annual Report 3",0,0,0,0,0,0,0,0,0,0,1,1,0,0,0,0,0,0,0,0,0,0,0,0,0,0,0,0,0,0,0,0,0,0,0,0,0,0,0,0,0,0,0,0,0,0,0,0,0,0,0,0,0,0,0,0,0,0,0,0,0,0,0,0,0,0,0,0,0,0,0,0,0,0,0,0,0,0,0,0,0,0,0,0,0,0,0,0,0,0,0,1,0,0,0,0,0,0,0,0,0,0,0,0,0,0,0,0,0,0,0,0,0,1,0,0,0,0,0,0,0,0,0,0,0,0,1,0,0,0,0,0,0,0,0,0,1,0,0,0,0,1,1,0,0,0,0,1,0,0,0,0,0,1,0,0,0,0,0,0,0,0,0,0,1,1,1,1
"174","Sarah Mueller ","Helen",13,"Southcentral Foundation Preserving the Future","2","1","Anchorage; Fairbanks; St. Paul Village; McGrath Village; Nikolai Village; Takotna Village; Iliamna Village; Nondalton Village; Pedro Bay Village; Iguigig Village; Tyonek Village; Statewide","Annual Report 1 (village names were listed in application)",1,1,0,1,0,0,0,0,1,0,1,0,1,1,1,1,0,1,1,1,0,0,1,1,1,0,0,0,0,0,0,12,0,0,1,0,1,0,0,0,0,0,0,1,0,0,0,0,0,0,0,0,0,0,0,0,0,0,0,0,0,0,0,0,0,0,0,0,0,0,0,0,0,0,0,0,0,139,0,0,0,0,0,0,0,0,0,45,60,0,0,1,0,0,0,0,0,1,0,1,0,0,0,1,34,18,0,0,0,0,0,0,1,0,0,0,0,0,1,18,0,0,0,0,1,1,1,0,0,0,0,0,0,0,0,0,0,0,0,0,0,1,1,0,0,0,0,0,0,0,0,0,0,0,0,0,0,0,0,0,0,0,1,0,1,1,1,0
"176","Sarah Mueller ","Helen",13,"Southcentral Foundation Preserving the Future","2","2","Anchorage; St. Paul Village; McGrath Village; Nikolai Village; Takotna Village; Iliamna Village; Nondalton Village; Pedro Bay Village; Iguigig Village; Tyonek Village; Statewide","Annual Report 2 (village names were listed in application)",1,1,0,1,0,0,0,0,1,0,1,0,1,1,0,0,0,1,1,1,0,0,1,1,0,0,0,0,0,0,1,13,0,0,0,0,1,0,0,0,0,0,0,1,0,0,0,0,0,0,0,0,0,0,0,0,0,0,0,0,0,0,0,0,0,0,0,0,0,0,0,0,0,0,0,0,0,0,0,0,0,0,0,0,0,0,0,0,0,0,0,1,0,0,0,1,0,1,0,1,0,0,0,3,0,0,0,0,0,0,0,0,1,0,0,0,0,0,1,0,0,0,0,0,0,1,1,0,0,0,0,0,0,0,0,0,0,0,0,0,1,1,1,1,0,0,0,0,0,0,0,0,0,0,0,0,0,0,0,0,0,0,1,0,1,1,1,0
"178","Sarah Mueller ","Helen",13,"Southcentral Foundation Preserving the Future","2","3","Anchorage; St. Paul Village; McGrath Village; Nikolai Village; Takotna Village; Iliamna Village; Nondalton Village; Pedro Bay Village; Iguigig Village; Tyonek Village; Mentasta; Statewide","Annual Report 3 (village names were listed in application)",1,1,0,1,0,0,0,0,1,0,1,0,1,1,0,0,0,1,1,1,0,1,1,1,1,0,0,0,0,0,1,42,0,0,1,0,1,0,0,0,0,0,1,1,0,0,0,0,0,0,0,0,0,0,0,0,0,0,0,0,0,0,0,0,0,0,0,0,0,0,0,0,0,0,0,0,0,620,0,0,0,0,0,0,0,22,0,1,1,1,0,1,0,0,0,1,0,1,0,1,0,0,0,3,1335,1018,0,0,0,0,0,0,1,0,0,0,0,0,1,1012,0,0,0,0,0,1,1,0,0,0,0,0,0,0,0,0,0,0,0,0,0,1,1,1,0,0,1,1,0,0,0,0,0,0,0,0,0,0,0,0,0,0,1,0,1,1,1,1
"180","Sarah Mueller ","Helen",13,"Southcentral Foundation Preserving the Future","2","1","Anchorage; Fairbanks; St. Paul Village; McGrath Village; Nikolai Village; Takotna Village; Iliamna Village; Nondalton Village; Pedro Bay Village; Iguigig Village; Tyonek Village; Statewide","18-Month Evaluation Report",1,1,0,1,0,0,0,0,1,0,1,0,1,1,0,0,0,1,1,1,0,0,1,0,1,0,0,0,0,0,0,21,0,0,1,0,1,0,0,0,0,0,1,1,0,0,0,0,0,0,0,0,0,0,0,0,0,0,0,0,0,0,0,0,0,0,0,0,0,0,0,0,0,0,0,0,0,272,0,0,0,0,0,0,0,0,0,1,1,1,0,1,0,0,0,1,0,0,0,0,0,0,0,2,193,65,0,0,0,0,0,0,1,0,0,0,0,0,1,436,0,0,0,0,1,1,1,0,0,0,0,0,0,0,0,0,0,0,0,0,0,0,1,0,1,0,0,0,0,0,0,0,0,0,0,0,0,0,0,0,0,0,1,0,1,1,1,0
"182","ECP","Pablo",13,"New York","1","1","Onondaga County","Annual Report 1",1,1,1,1,0,0,0,0,0,0,1,1,0,0,0,0,0,0,0,1,0,0,0,0,0,0,1,0,0,0,4,1714,1,0,1,0,1,0,0,0,0,0,1,0,0,0,0,0,0,0,0,0,0,0,0,0,0,0,0,0,0,0,0,0,0,0,0,0,0,0,0,0,0,0,0,0,0,1208,0,0,0,0,0,0,0,0,0,0,0,0,0,1,0,0,1,0,0,0,0,0,0,0,0,0,2543,1198,0,0,0,0,0,0,1,0,0,0,0,0,0,1198,0,0,0,0,0,0,0,0,1,0,0,0,0,0,0,0,0,0,0,0,0,1,0,1,0,0,0,1,0,0,0,0,0,1,0,0,0,0,0,0,0,0,1,0,1,1,0,1
"185","ECP","Pablo",13,"New York","1","2","Onondaga County","Annual Report 2",1,1,0,0,0,0,0,0,0,0,1,0,0,0,0,0,0,0,1,1,0,0,0,0,0,0,0,0,0,0,4,0,1,1,1,1,1,0,0,0,0,0,1,0,0,1,0,0,0,0,0,0,0,0,0,1,0,0,0,0,0,0,0,0,0,0,0,1,1,0,0,1,0,1,0,0,0,2785,0,0,0,0,0,0,0,0,0,0,0,0,0,1,0,0,1,1,1,0,1,0,1,0,0,4,3986,0,0,0,0,0,0,0,1,0,0,0,0,0,0,0,0,1,0,0,0,0,1,0,1,0,0,0,0,1,0,0,0,0,0,0,1,0,0,1,0,0,0,1,0,0,0,0,0,0,0,0,0,0,0,0,0,0,1,1,1,1,1,1
"188","Elizabeth","Pablo",13,"New York","1","3","Onondaga County","Annual Report 3",1,1,0,1,1,0,0,0,0,0,1,0,0,0,0,0,0,0,0,1,0,0,0,0,0,0,1,0,0,0,0,3825,1,1,1,0,1,0,0,0,0,0,1,0,0,0,0,0,0,0,0,0,0,0,0,1,0,0,0,0,0,0,0,0,0,0,0,1,1,0,0,0,0,0,0,0,0,3965,0,0,0,0,0,0,0,0,0,0,0,0,0,1,0,0,1,1,1,0,0,0,1,0,0,0,0,0,0,0,0,0,0,0,0,0,0,0,0,0,0,0,0,1,0,0,0,0,0,0,1,0,0,0,0,1,0,0,0,0,0,0,0,1,1,0,0,0,0,0,0,0,0,1,0,0,0,0,0,0,0,0,0,0,1,1,1,1,0,1
"191","ECP","Pablo",13,"New York","1","1","Onondaga County","18-Month Evaluation Report",1,1,0,1,0,0,0,0,1,1,0,0,0,0,0,0,0,0,0,0,0,0,0,0,0,0,0,0,0,0,4,0,1,1,1,0,1,0,0,0,0,0,1,0,0,1,0,0,0,0,0,0,0,0,0,1,0,0,0,0,0,0,0,0,0,0,0,1,0,0,0,0,0,1,0,0,0,2287,0,0,0,0,0,0,0,0,0,0,0,0,0,1,0,0,1,0,1,0,1,1,1,0,0,0,0,0,0,0,0,0,0,0,1,0,0,0,0,0,0,0,0,1,0,0,0,0,1,1,1,0,0,0,0,1,0,1,1,0,0,0,0,1,1,1,0,1,0,0,0,0,0,0,0,1,0,0,0,0,0,0,0,0,1,1,0,1,1,0
"193","Diamond","Sarah M ",13,"Riverside-San Bernardino County Indian Health, Inc.","2","1","Aqua Caliente Band of Cahuilla Indians (Indian Reservation), Cahuilla Band of Mission Indians (Indian Reservation), Morongo Band of Mission Indians (Indian Reservation), Pechanga Band of Luiseno Indians (Indian Reservation), Ramona Band of Cahuilla Indians (Indian Reservation), San  Manuel Band of Mission Indians ( Indian Reservation), Santa Rosa Band of Cahuilla Indians (Indian Reservation), Soboba Band of Luiseno Indians (Indian Reservation), Torres-Martinez Derest Cahuilla Mission Indians (Indian Reservation), Riverside County (off reservation), San Bernadino ( off reservation)","Annual Report 1 ",1,1,1,0,1,0,0,0,1,0,1,0,0,0,0,0,0,0,0,0,0,0,0,0,0,0,1,0,0,0,0,0,1,0,1,0,0,0,0,0,0,0,0,1,0,0,0,0,0,0,0,0,0,0,0,0,0,0,1,0,0,0,0,0,1,0,0,1,0,0,0,0,0,0,0,0,0,0,0,0,0,0,0,0,0,0,0,0,0,0,0,1,0,0,0,0,1,0,0,1,0,0,0,3,1974,744,0,0,0,0,0,0,1,0,0,1,1,1,0,224,224,1,0,0,0,0,0,0,0,0,0,0,0,0,0,0,1,1,0,0,0,0,1,0,1,0,0,0,0,0,0,0,0,0,0,0,0,0,0,0,0,0,1,1,0,1,0,0
"195","Diamond","Sarah M ",13,"Riverside-San Bernardino County Indian Health, Inc.","2","2","Aqua Caliente Band of Cahuilla Indians (Indian Reservation), Cahuilla Band of Mission Indians (Indian Reservation), Morongo Band of Mission Indians (Indian Reservation), Pechanga Band of Luiseno Indians (Indian Reservation), Ramona Band of Cahuilla Indians (Indian Reservation), San  Manuel Band of Mission Indians ( Indian Reservation), Santa Rosa Band of Cahuilla Indians (Indian Reservation), Soboba Band of Luiseno Indians (Indian Reservation), Torres-Martinez Derest Cahuilla Mission Indians (Indian Reservation), Riverside County (off reservation), San Bernadino ( off reservation)","Annual Report 2 ",1,1,1,0,1,0,0,0,1,0,1,0,0,0,0,0,0,0,0,0,0,0,0,0,0,0,1,0,0,0,4,0,1,0,1,0,0,0,0,0,0,0,1,1,0,0,0,0,0,0,0,0,0,0,0,0,0,0,1,0,0,0,0,0,0,0,0,1,0,0,0,0,0,1,0,0,0,148,0,0,0,0,0,0,0,0,0,0,0,0,0,1,0,0,0,0,1,0,0,1,0,0,0,3,1737,266,0,0,0,0,0,0,1,0,0,1,1,0,0,242,242,1,0,0,0,0,0,0,0,0,0,0,0,0,0,0,1,1,0,0,0,0,1,0,1,0,0,0,0,0,0,0,1,1,0,0,0,0,0,0,0,0,1,1,0,1,0,0
"197","Diamond","Sarah M ",13,"Riverside-San Bernardino County Indian Health, Inc.","2","3","Aqua Caliente Band of Cahuilla Indians (Indian Reservation), Cahuilla Band of Mission Indians (Indian Reservation), Morongo Band of Mission Indians (Indian Reservation), Pechanga Band of Luiseno Indians (Indian Reservation), Ramona Band of Cahuilla Indians (Indian Reservation), San  Manuel Band of Mission Indians ( Indian Reservation), Santa Rosa Band of Cahuilla Indians (Indian Reservation), Soboba Band of Luiseno Indians (Indian Reservation), Torres-Martinez Derest Cahuilla Mission Indians (Indian Reservation), Riverside County (off reservation), San Bernadino ( off reservation)","Annual Report 3 ",1,1,1,0,1,0,0,0,1,0,1,0,0,0,0,0,0,0,0,0,0,0,0,0,0,0,1,0,0,0,0,0,1,0,1,0,1,0,0,0,0,0,1,1,0,0,0,0,0,0,0,0,0,0,0,0,0,0,1,0,0,0,0,0,0,0,0,0,0,1,0,0,0,0,0,0,0,760,0,1,1,0,0,0,0,0,1,1,0,0,0,1,0,0,0,0,1,0,0,1,0,0,0,3,430,414,0,0,0,0,0,0,1,0,0,1,1,0,0,414,327,1,0,0,0,0,0,0,0,0,0,0,0,0,0,0,0,1,0,0,0,0,1,0,1,0,0,1,0,0,0,0,0,0,0,0,0,0,0,0,0,0,1,1,0,1,0,1
"199","Diamond","Sarah M ",13,"Riverside-San Bernardino County Indian Health, Inc.","2","1","Aqua Caliente Band of Cahuilla Indians (Indian Reservation), Cahuilla Band of Mission Indians (Indian Reservation), Morongo Band of Mission Indians (Indian Reservation), Pechanga Band of Luiseno Indians (Indian Reservation), Ramona Band of Cahuilla Indians (Indian Reservation), San  Manuel Band of Mission Indians ( Indian Reservation), Santa Rosa Band of Cahuilla Indians (Indian Reservation), Soboba Band of Luiseno Indians (Indian Reservation), Torres-Martinez Derest Cahuilla Mission Indians (Indian Reservation), Riverside County (off reservation), San Bernadino ( off reservation)","Evaluation Report ",1,1,1,0,1,0,0,0,1,0,1,0,0,0,0,0,0,0,0,0,0,0,0,0,0,0,1,0,0,0,0,0,1,0,1,0,0,0,0,0,0,0,0,1,0,0,0,0,0,0,0,0,0,0,0,0,0,0,1,0,0,0,0,0,0,0,0,0,0,0,0,0,0,0,0,0,0,0,0,0,0,0,0,0,0,0,0,0,0,0,0,1,0,0,0,0,0,0,0,0,0,0,0,0,2398,305,0,0,0,0,0,0,1,0,0,1,1,0,0,305,305,1,0,0,0,0,0,0,0,0,0,0,0,0,0,0,0,1,0,0,0,1,1,0,1,0,0,0,0,0,0,0,0,0,0,0,0,0,0,0,0,0,1,1,0,1,0,0
"202","ECP","Pablo",13,"Tanana Chiefs Conference","2","1","Upper Tanana;Yukon Flats;Yukon Tanana;Yukon Koyukuk","Annual Report 1",1,1,0,0,0,0,0,0,1,0,1,1,1,1,0,1,0,0,0,1,1,0,0,1,0,0,1,0,0,0,0,0,0,0,0,0,0,0,0,0,0,0,0,0,0,0,0,0,0,0,0,0,0,0,0,0,0,0,0,0,0,0,0,0,0,0,0,0,0,0,0,0,0,0,0,0,0,10,0,0,0,0,0,0,0,0,0,0,0,0,0,0,0,0,0,0,0,0,0,0,0,0,0,0,0,0,0,0,0,0,0,0,0,0,0,0,0,0,0,0,0,0,0,0,0,0,1,0,0,0,0,0,0,0,0,0,0,0,0,0,0,1,0,0,0,0,0,0,0,0,0,0,0,0,0,0,0,0,0,0,0,0,0,0,1,1,1,0
"205","ECP","Pablo",13,"Tanana Chiefs Conference","2","2","Upper Tanana;Yukon Flats;Yukon Tanana;Yukon Koyukuk","Annual Report 2",1,1,0,0,0,0,0,0,1,0,0,0,1,0,1,0,0,0,1,1,1,0,0,0,0,0,1,0,0,0,2,3,0,0,1,0,0,0,0,0,0,0,1,0,0,0,0,0,0,0,0,0,0,0,0,0,0,0,0,0,0,0,0,0,0,0,0,0,0,0,0,0,0,0,0,1,0,17,0,0,0,0,0,0,0,0,0,0,0,0,0,0,0,0,0,0,0,0,0,0,0,0,0,0,0,0,0,0,0,0,0,0,0,0,0,0,0,0,0,0,0,0,0,0,0,0,1,0,0,0,1,1,0,1,0,0,0,0,0,0,0,0,0,0,0,0,0,0,0,0,0,0,0,0,0,0,0,0,0,0,0,0,1,1,1,1,1,0
"208","ECP","Pablo",13,"Tanana Chiefs Conference","2","3","Upper Tanana;Yukon Flats;Yukon Tanana;Yukon Koyukuk","Annual Report 3",1,1,0,0,0,0,0,0,1,0,1,0,0,0,0,1,0,0,0,0,0,0,0,1,0,0,1,0,0,0,4,12,0,0,1,1,0,0,0,0,0,0,1,0,0,1,0,0,0,0,0,0,0,0,0,0,0,0,0,0,0,0,0,0,0,0,0,0,0,0,0,0,0,0,0,0,0,125,64,0,0,0,0,0,0,0,0,0,0,0,0,1,0,0,0,0,0,0,0,0,0,0,0,4,85,0,0,0,0,0,0,0,1,0,0,0,0,0,0,542,0,0,0,0,1,1,1,0,0,0,0,0,0,1,0,0,0,0,0,0,0,1,0,0,0,0,0,0,0,0,0,0,0,0,0,0,0,0,0,0,0,0,1,0,1,1,1,0
"211","ECP","Pablo",13,"Tanana Chiefs Conference","2","1","Upper Tanana;Yukon Flats;Yukon Tanana;Yukon Koyukuk","18-month Evaluation report",1,1,0,0,0,0,0,0,1,0,1,0,1,0,1,0,0,0,1,1,0,0,0,1,0,0,0,0,0,0,3,0,0,0,0,0,0,0,0,0,0,0,0,0,0,0,0,0,0,0,0,0,0,0,0,0,0,0,0,0,0,0,0,0,0,0,0,0,0,0,0,0,0,0,0,0,0,0,0,0,0,0,0,0,0,0,0,0,0,0,0,0,0,0,0,0,0,0,0,0,0,0,0,0,0,0,0,0,0,0,0,0,0,0,0,0,0,0,0,0,0,0,0,0,0,0,0,0,0,0,0,0,0,0,0,0,0,0,0,0,0,0,0,0,0,0,0,0,0,0,0,0,0,0,0,0,0,0,0,0,0,0,0,0,1,1,0,0
"214","Taylor","Helen",13,"Muscogee Creek Nation","2","1","Creek County; Hughes County; Tulsa County; Mayes County; McIntosh County; Muskogee County; Okmulgee County; Okfuskee County; Rogers County; Seminole County; Wagoner County","Annual Report 1",1,0,0,0,0,0,0,0,1,0,1,0,0,0,0,0,0,0,0,1,0,0,0,0,0,0,1,0,0,0,0,0,0,0,1,0,0,0,0,0,0,0,1,0,0,0,0,0,0,0,0,0,0,0,0,0,0,0,0,0,0,0,0,0,0,0,0,0,1,0,0,0,0,0,0,1,0,120,0,0,0,0,0,0,0,0,0,0,0,0,0,1,0,0,0,0,1,0,0,1,0,0,0,0,0,0,0,0,0,0,0,0,0,0,0,0,0,0,0,0,0,0,0,0,0,0,0,0,1,0,0,0,0,0,0,1,0,1,0,0,0,0,0,0,0,0,0,0,1,0,1,0,0,0,0,0,0,0,0,0,0,0,1,1,1,1,0,1
"217","Taylor","Helen",13,"Muscogee Creek Nation","2","2","Creek County; Hughes County; Tulsa County; Mayes County; McIntosh County; Muskogee County; Okmulgee County; Okfuskee County; Rogers County; Seminole County; Wagoner County","Annual Report 2",1,1,0,1,0,0,0,0,1,0,1,0,0,0,0,0,0,0,0,1,0,1,0,0,0,0,1,0,0,0,0,0,0,0,1,0,0,0,0,0,0,0,1,0,0,0,0,0,0,0,0,0,0,1,0,0,0,0,0,0,0,0,0,0,0,0,0,0,0,0,0,0,0,0,0,0,0,0,0,0,0,0,0,0,0,0,0,0,0,0,0,1,0,0,0,0,1,0,0,1,0,0,0,3,0,0,0,0,0,0,0,0,0,0,0,0,0,0,0,0,0,0,0,0,0,0,0,0,1,0,0,0,0,0,0,0,0,1,0,0,0,1,1,0,0,1,0,0,1,0,1,0,0,0,0,0,0,0,0,0,0,0,1,1,1,1,0,1
"220","Taylor","Helen",13,"Muscogee Creek Nation","2","3","Creek County; Hughes County; Tulsa County; Mayes County; McIntosh County; Muskogee County; Okmulgee County; Okfuskee County; Rogers County; Seminole County; Wagoner County","Annual Report 3",1,1,0,1,1,0,0,0,1,0,1,1,0,1,1,0,0,0,0,1,0,1,0,0,1,0,1,0,0,0,4,0,0,0,1,0,0,0,0,0,0,0,1,0,0,0,0,0,0,0,0,0,0,0,0,0,0,0,0,0,0,0,0,0,0,0,0,0,1,0,0,0,0,0,0,0,0,902,0,0,0,0,0,0,0,0,0,0,0,0,0,1,0,0,0,0,1,0,0,1,0,0,0,3,70,70,0,0,0,0,0,0,0,0,0,0,0,0,0,70,64,0,0,0,0,0,0,0,1,0,1,1,1,0,0,0,0,1,0,0,0,1,1,1,0,0,0,0,1,0,1,0,0,0,0,0,0,0,0,0,0,0,1,1,1,1,0,1
"223","Taylor","Helen",13,"Muscogee Creek Nation","2","1","Creek County; Hughes County; Tulsa County; Mayes County; McIntosh County; Muskogee County; Okmulgee County; Okfuskee County; Rogers County; Seminole County; Wagoner County","18-Month Evaluation Report",1,1,0,1,0,0,0,0,1,0,1,0,0,0,0,0,0,0,0,0,0,0,0,0,0,0,1,0,0,0,4,0,0,0,1,0,0,0,0,0,0,0,1,0,0,0,0,0,0,0,0,0,0,1,0,0,0,0,0,0,0,0,0,0,0,0,0,0,1,0,0,0,0,0,0,0,0,1112,0,0,0,0,0,0,0,0,0,0,0,0,0,1,0,0,0,0,1,0,0,1,0,0,0,3,0,0,0,0,0,0,0,0,0,0,0,0,0,0,0,0,0,0,0,0,0,0,0,0,1,0,0,0,0,0,0,1,0,0,0,0,0,0,1,0,0,1,0,0,1,1,1,1,0,0,0,0,0,0,0,0,0,0,1,1,0,1,0,1
"226","Pablo","Helen",13,"Native American Development Corporation Standing Buffalo Strong","2","1","Billings, MT; Missoula, MT; Great Falls, MT","Annual Report 1",1,1,0,0,0,0,0,0,1,0,1,0,0,0,0,0,0,0,0,1,0,0,0,0,0,0,1,0,0,0,4,0,0,0,1,1,0,0,0,0,0,0,1,0,0,0,0,0,0,0,0,0,0,0,0,0,0,0,0,0,1,0,0,0,0,0,0,0,0,0,0,0,0,0,0,0,0,149,0,0,0,0,0,0,0,0,0,0,0,0,0,1,0,0,0,0,0,0,0,1,0,0,0,0,245,136,0,0,0,0,0,0,0,0,0,0,0,0,0,36,30,0,0,0,0,0,1,0,0,0,0,0,0,0,0,1,0,0,0,0,1,1,0,0,0,0,0,0,0,0,0,0,0,1,0,0,0,0,0,0,0,0,1,1,1,1,1,0
"229","Pablo","Helen",13,"Native American Development Corporation Standing Buffalo Strong","2","2","Billings, MT; Missoula, MT; Great Falls, MT; Butte, MT","Annual Report 2",1,1,0,0,0,0,0,0,1,0,1,0,0,1,0,0,0,0,0,0,1,0,0,0,0,0,0,0,0,0,0,0,0,0,1,1,0,0,0,0,0,0,1,0,0,0,0,0,0,0,0,0,0,0,0,0,0,0,0,0,0,0,0,0,0,0,0,0,0,0,0,0,0,0,0,0,0,149,0,0,0,0,0,0,0,0,0,0,0,0,0,1,0,0,0,0,0,0,0,1,0,0,0,0,109,0,0,0,0,0,0,0,0,0,0,0,0,0,0,12,7,0,0,0,0,1,1,0,0,0,0,0,0,0,0,1,0,0,0,0,1,1,0,0,0,0,0,0,0,0,0,0,0,1,0,0,0,0,0,0,0,0,1,0,1,1,1,0
"232","Pablo","Helen",13,"Native American Development Corporation Standing Buffalo Strong","2","3","Billings, MT; Missoula, MT; Great Falls, MT; Butte, MT","Annual Report 3",1,1,0,0,0,0,0,0,1,0,0,0,0,0,0,0,0,0,0,0,0,0,0,0,0,0,1,0,0,0,0,0,0,0,0,0,0,0,0,0,0,0,0,0,0,0,0,0,0,0,0,0,0,0,0,0,0,0,0,0,0,0,0,0,0,0,0,0,0,0,0,0,0,0,0,0,0,188,0,0,0,0,0,0,0,0,0,0,0,0,0,1,0,0,0,0,0,0,0,1,0,0,0,0,201,0,0,0,0,0,0,0,0,0,0,0,0,0,0,27,15,0,0,0,0,1,1,0,0,0,0,0,0,0,0,1,0,0,0,0,1,1,0,0,0,0,0,0,0,0,0,0,0,1,0,0,0,0,0,0,0,0,0,0,0,1,1,0
"235","Pablo","Helen",13,"Native American Development Corporation Standing Buffalo Strong","2","1","Billings, MT; Missoula, MT; Great Falls, MT","18-Month Evaluation Report",1,1,0,0,0,0,0,0,1,0,1,0,0,1,0,0,0,0,0,1,1,0,0,0,0,0,0,0,0,0,0,0,0,0,1,1,0,0,0,0,0,0,1,0,0,0,0,0,0,0,0,0,0,0,0,0,0,0,0,0,1,0,0,0,0,0,0,0,0,0,0,0,0,0,0,0,0,190,0,0,0,0,0,0,0,0,0,0,0,0,0,1,0,0,0,0,0,0,0,1,0,0,0,0,297,0,0,0,0,0,0,0,0,0,0,0,0,0,0,40,31,0,0,0,0,1,1,0,0,0,0,0,0,0,0,1,1,0,0,0,1,1,0,0,0,0,0,0,0,0,0,0,0,1,0,0,0,0,0,0,0,0,1,1,1,1,1,0
"238","ECP","Pablo",13,"Wabanaki Health and Wellness","2","1","Penobscot county;Aroostook county;Washington county; Indian Township, ME;","Annual Report 1",1,0,0,0,0,0,0,0,1,0,0,0,1,0,0,1,0,0,0,1,0,0,0,1,0,0,0,0,0,0,0,0,0,0,0,0,0,0,0,0,0,0,0,0,0,0,0,0,0,0,0,0,0,0,0,0,0,0,1,0,0,0,0,0,0,0,0,0,0,0,0,0,0,1,0,0,0,30,0,0,0,0,0,0,0,0,0,0,0,0,0,0,0,0,0,0,0,0,0,0,0,0,0,0,0,0,0,0,0,0,0,0,0,0,0,0,0,0,0,0,0,0,0,0,1,1,1,0,0,0,0,0,0,0,0,0,0,0,0,0,0,1,0,0,0,0,1,0,0,0,0,0,0,0,0,0,0,0,0,0,0,0,0,1,1,1,1,0
"241","ECP","Pablo",13,"Wabanaki Health and Wellness","2","2","Penobscot county;Aroostook county;Washington county","Annual Report 2",1,1,0,0,0,0,0,0,1,0,1,0,1,0,0,1,0,0,0,1,0,0,0,1,0,0,1,0,0,0,0,9,0,0,0,0,0,0,0,0,0,0,1,0,0,0,0,0,0,0,0,0,0,0,0,0,0,0,1,0,0,0,0,0,0,0,0,0,0,0,0,0,0,1,0,0,0,32,0,0,0,0,0,0,0,0,0,0,0,0,0,0,0,0,0,0,0,0,0,0,0,0,0,0,0,0,0,0,0,0,0,0,0,0,0,0,0,0,0,0,0,0,0,0,1,1,1,1,0,0,0,0,0,0,0,0,0,0,0,0,0,1,0,0,0,1,1,0,0,0,0,0,0,0,0,0,0,0,0,0,0,0,1,1,1,1,1,0
"244","Taylor","Brynn",13,"Maine State Dept/Health/Human Servs Project STAY","1","1","Maine","Annual Report 1",1,0,0,0,0,0,0,0,0,0,1,0,0,0,0,0,0,0,0,0,0,0,0,0,0,0,0,0,0,0,0,0,0,0,0,0,0,0,0,0,0,0,0,0,0,1,0,0,0,0,0,0,0,0,0,0,0,0,0,0,0,0,0,0,0,0,0,0,0,0,0,0,0,0,0,0,0,0,0,0,0,0,0,0,0,0,0,0,0,0,0,1,0,0,1,0,0,0,0,0,0,0,0,0,0,0,0,0,0,0,0,0,0,1,0,0,0,0,1,0,0,0,0,0,0,0,0,1,1,0,0,0,0,0,0,1,0,0,0,0,0,1,0,0,0,0,0,0,0,0,0,0,0,0,0,0,0,0,0,0,0,0,1,0,0,1,0,0
"247","Taylor","Brynn",13,"Maine State Dept/Health/Human Servs Project STAY","1","2","Maine","Annual Report 2",1,0,1,0,0,0,0,0,0,0,1,0,0,0,1,0,0,1,0,0,0,0,1,0,0,0,1,0,0,0,0,0,1,1,0,0,0,0,0,0,0,0,0,0,0,1,0,0,0,0,0,0,0,0,0,0,0,0,0,0,0,0,0,0,0,0,0,0,0,0,0,0,0,0,0,0,0,127,85,42,0,0,0,0,0,0,0,0,0,0,0,1,0,0,1,0,0,0,0,0,0,0,0,0,85,0,0,0,0,0,0,0,0,0,0,0,0,0,1,0,0,0,0,0,0,0,0,1,1,0,0,0,0,0,1,1,1,0,0,0,0,1,0,0,0,0,0,0,0,0,0,0,0,0,0,0,0,0,0,0,0,0,1,0,1,1,0,0
"250","Taylor","Brynn",13,"Maine State Dept/Health/Human Servs Project STAY","1","3","Maine","Annual Report 3",1,0,1,0,0,1,1,0,0,0,1,1,0,0,0,0,0,0,0,0,0,0,0,0,0,0,1,0,0,0,0,48,1,1,0,0,0,0,0,0,0,0,0,0,0,1,0,0,0,0,0,0,0,0,0,0,0,0,0,0,0,0,0,0,0,0,0,0,0,0,0,0,0,0,0,0,0,819,116,53,0,0,0,0,0,0,0,450,0,200,0,1,0,0,1,0,0,0,0,0,0,0,0,0,171,0,0,0,0,0,0,0,0,0,0,0,0,0,1,0,200,0,0,0,0,0,0,0,0,0,1,0,0,1,1,1,0,0,0,0,0,1,1,0,0,0,0,0,0,0,0,0,0,0,0,0,0,0,0,0,0,0,1,0,1,1,0,0
"253","Taylor","Brynn",13,"Maine State Dept/Health/Human Servs Project STAY","1","1","Maine","18 Month Evaluation",1,0,0,0,0,0,0,0,0,0,0,0,0,0,0,0,0,0,0,0,0,0,0,0,0,0,0,0,0,0,0,0,0,0,0,0,0,0,0,0,0,0,0,0,0,0,0,0,0,0,0,0,0,0,0,0,0,0,0,0,0,0,0,0,0,0,0,0,0,0,0,0,0,0,0,0,0,0,0,0,0,0,0,0,0,0,0,0,0,0,0,0,0,0,0,0,0,0,0,0,0,0,0,0,0,0,0,0,0,0,0,0,0,0,0,0,0,0,1,0,0,0,0,0,0,0,0,0,0,0,0,0,0,0,0,0,0,0,0,0,0,0,0,0,0,0,0,0,0,0,0,0,0,0,0,0,0,0,0,0,0,0,0,0,0,1,0,0
"256","Sara","Brynn",13,"Sacramento Native American Health Center, Inc.","2","1","Sacramento County, California","Annual Report 1",1,1,0,0,0,0,0,0,1,0,1,0,1,0,0,0,0,1,0,1,0,0,0,1,0,0,1,0,0,0,4,0,0,0,1,0,0,0,0,0,0,0,1,0,0,0,0,0,0,0,0,0,0,0,0,0,0,0,1,0,0,1,0,0,0,0,0,0,0,0,0,0,0,0,0,0,1,43,0,0,0,0,0,0,0,0,0,0,0,0,0,1,0,0,0,0,0,0,0,0,0,0,0,0,23,0,0,0,0,0,0,0,1,0,0,0,0,0,1,13,8,0,0,0,0,1,1,0,0,0,0,0,0,0,0,1,0,1,1,0,0,1,1,0,1,1,1,0,0,0,0,0,0,1,0,0,0,0,0,0,0,0,1,1,1,1,1,0
"258"," ","Brynn",13,"Sacramento Native American Health Center, Inc.","2","1","Sacramento County, California","18 Month Evaluation",1,0,1,0,0,0,0,0,1,0,1,0,0,0,0,0,0,1,0,1,0,0,0,1,0,0,1,0,0,0,0,0,0,0,1,0,0,0,0,0,0,0,1,0,0,0,0,0,0,0,0,0,0,0,0,0,0,0,1,0,0,1,0,0,0,0,0,0,0,1,0,0,0,0,0,0,0,125,0,0,0,0,0,0,0,0,0,0,0,37,0,1,0,0,0,0,0,0,0,0,0,0,0,4,25,0,0,0,0,0,0,0,0,0,0,0,0,0,1,13,8,1,0,0,0,1,1,0,0,0,0,0,0,0,0,0,1,0,0,0,0,0,1,0,0,1,1,0,0,0,0,0,0,1,0,0,0,0,0,0,0,0,1,1,1,1,1,0
"259","Sara","Brynn",13,"Sacramento Native American Health Center, Inc.","2","1","Sacramento County, California","18 Month Evaluation",1,1,1,0,0,0,0,0,1,0,1,0,0,0,0,0,0,1,0,1,0,0,0,1,0,0,1,0,0,0,0,0,0,0,1,0,0,0,0,0,0,0,1,0,0,0,0,0,0,0,0,0,0,0,0,0,0,0,1,0,0,1,0,0,0,0,0,0,0,1,0,0,0,0,0,0,0,125,0,0,0,0,0,0,0,0,0,0,0,37,0,1,0,0,0,0,0,0,0,0,0,0,0,4,25,0,0,0,0,0,0,0,0,0,0,0,0,0,1,13,8,1,0,0,0,1,1,0,0,0,0,0,0,0,0,0,1,0,0,0,0,1,1,0,0,1,1,0,0,0,0,0,0,1,0,0,0,0,0,0,0,0,1,1,1,1,1,0
"262","Sara","Brynn",13,"Sacramento Native American Health Center, Inc.","2","2","Sacramento County, California; Sacramento City School District; San Juan Unified School District; Elk Grove Unified School District","Annual Report 2",1,0,0,0,0,0,0,0,1,0,1,0,0,1,0,0,0,0,0,1,0,0,0,1,0,0,1,0,0,0,0,0,0,0,1,1,0,0,0,0,0,0,1,0,0,0,0,0,0,0,0,0,0,0,0,0,0,0,0,0,0,0,0,0,0,0,0,0,0,0,0,1,0,0,0,0,0,353,0,0,0,0,0,0,0,0,0,0,0,0,0,1,0,0,0,0,0,0,0,1,0,0,0,3,81,0,0,0,0,0,0,0,0,0,0,0,0,0,0,29,23,1,0,0,0,1,1,0,0,0,0,0,0,0,0,0,1,1,1,0,0,1,1,0,1,0,1,0,0,0,0,0,0,1,0,0,0,0,0,0,0,0,1,1,1,1,1,0
"265","Sara","Brynn",13,"Sacramento Native American Health Center, Inc.","2","3","Sacramento County, California","Annual Report 3",1,0,1,1,0,0,0,0,1,1,1,0,0,1,1,0,0,0,0,1,0,0,0,0,1,0,1,0,0,0,0,3,0,0,0,0,0,0,0,0,0,0,1,0,0,0,0,0,0,0,0,0,0,0,0,0,0,0,0,0,0,0,0,0,0,0,0,0,0,0,0,1,0,1,0,0,0,120,0,0,0,0,0,0,0,0,0,0,0,0,0,0,0,0,0,0,0,0,0,0,0,0,0,0,161,0,0,0,0,0,0,0,0,0,0,0,0,0,0,77,3,1,0,0,1,1,1,0,0,0,0,0,0,0,0,0,1,0,1,0,0,0,1,1,1,1,1,0,0,0,0,0,0,1,0,0,0,0,0,0,0,0,1,1,1,1,1,0
"268","ECP","Pablo",13,"Wabanaki Health and Wellness","2","3","Penobscot county;Aroostook county;Washington county","Annual Report 3",1,1,0,0,0,0,0,0,1,0,1,0,1,0,1,1,0,1,0,1,0,0,0,1,0,1,1,0,0,0,4,19,1,0,1,0,0,0,0,0,0,0,1,0,0,0,0,0,0,0,0,0,0,0,0,0,0,0,1,0,0,0,0,0,0,0,0,0,0,0,0,0,0,0,1,0,0,193,0,0,0,0,0,0,0,0,0,0,0,0,0,0,0,0,0,0,0,0,0,0,0,0,0,0,0,0,0,0,0,0,0,0,0,0,0,0,0,0,0,0,0,0,0,0,1,1,1,1,0,0,0,0,0,0,0,0,0,0,1,0,0,1,0,0,0,1,0,0,0,0,0,0,0,1,0,0,0,0,0,0,0,0,1,1,1,1,1,0
"271","Elizabeth","Taylor",13,"Cherokee Nation","2","1","Cherokee Nation: 14-county jurisdictional area includes these counties--Washington; Tulsa; Nowata; Rogers;Craig; Ottawa; Mayes; Delaware; Wagnoer; Cherokee; Adair; Muskogee; McIntosh; and Sequoyah","Annual Report 1",1,1,1,0,0,0,0,0,1,0,1,1,0,0,0,0,0,0,0,1,0,1,0,0,0,0,1,0,0,0,0,0,1,0,0,0,0,0,0,0,0,1,1,0,0,0,0,0,0,0,0,0,0,0,0,0,0,0,0,0,0,0,0,0,0,0,0,0,0,0,0,0,0,1,0,0,0,265,0,0,0,0,0,0,0,0,0,72,0,0,0,1,0,0,1,0,0,0,0,0,0,0,0,1,122,0,0,0,0,0,0,0,0,0,0,0,0,0,0,87,23,0,0,0,0,0,0,0,0,0,0,0,0,0,0,0,0,0,0,0,0,1,0,0,0,0,0,0,0,0,0,0,0,0,0,0,0,0,0,0,0,0,1,1,1,1,0,0
"274","Elizabeth","Taylor",13,"Cherokee Nation","2","2","Cherokee Nation: 14-county jurisdictional area includes these counties--Washington; Tulsa; Nowata; Rogers;Craig; Ottawa; Mayes; Delaware; Wagnoer; Cherokee; Adair; Muskogee; McIntosh; and Sequoyah","Annual Report 2",1,1,1,0,0,0,0,0,1,0,1,0,0,0,0,0,0,0,0,1,0,0,0,0,0,0,1,0,0,0,0,0,1,0,0,0,0,0,0,0,0,1,1,0,0,0,0,0,0,0,0,0,0,0,0,1,0,0,1,0,0,0,0,0,0,0,0,0,0,0,0,0,0,1,0,0,0,270,0,0,0,0,0,0,0,0,0,83,0,0,0,1,0,0,1,0,0,0,0,0,0,0,0,1,385,0,0,0,0,0,0,0,0,0,0,0,0,0,0,118,46,0,0,0,0,0,1,0,0,0,0,0,0,0,0,0,0,0,0,0,0,1,0,0,0,0,0,1,0,0,0,0,0,0,0,0,0,0,0,0,0,0,1,1,1,1,1,1
"277","ECP","Pablo",13,"Wabanaki Health and Wellness","2","1","","18-month Evaluation report",1,1,0,0,0,0,0,0,1,0,0,0,0,0,0,0,0,0,0,0,0,0,0,0,0,0,0,0,0,0,4,0,0,0,0,0,0,0,0,0,0,0,0,0,0,0,0,0,0,0,0,0,0,0,0,0,0,0,0,0,0,0,0,0,0,0,0,0,0,0,0,0,0,0,0,0,0,1,0,0,0,0,0,0,0,0,0,0,0,0,0,0,0,0,0,0,0,0,0,0,0,0,0,0,0,0,0,0,0,0,0,0,0,0,0,0,0,0,0,0,0,0,0,0,0,0,1,0,0,0,0,0,0,0,0,0,0,0,0,0,0,1,0,0,0,0,0,0,0,0,0,0,0,0,0,0,0,0,0,0,0,0,0,0,0,1,1,0
"281","Bob","Pablo",13,"Michigan Department of Health and Human Services","2","1","Michigan statewide","Annual Report 1",1,0,0,0,0,0,0,0,0,0,0,0,0,0,0,0,0,0,1,0,0,0,0,0,0,0,0,0,0,0,0,0,0,0,0,0,0,0,0,0,0,0,0,0,0,0,0,0,0,0,0,0,0,0,0,0,0,0,0,0,0,0,0,0,0,0,0,0,0,0,0,0,0,0,0,0,0,0,0,0,0,0,0,0,0,0,0,0,0,0,0,0,0,0,0,0,0,0,0,0,0,0,0,0,0,0,0,0,0,0,0,0,0,0,0,0,0,0,0,0,0,0,0,0,0,0,0,0,0,0,0,0,0,0,0,0,0,0,0,0,0,1,0,0,0,0,0,0,0,0,0,0,0,0,0,0,0,0,0,0,0,0,0,0,1,1,0,0
"284","Bob","Pablo",13,"Michigan Department of Health and Human Services","2","2","Michigan statewide; Wayne County; Sanilac County; Macomb County; Detroit, MI; Deckerville, MI","Annual Report 2",1,1,0,0,0,0,0,0,0,0,0,0,0,0,0,0,0,0,0,0,0,0,0,0,0,0,1,0,0,0,3,4,0,0,0,0,0,0,0,0,0,0,1,1,0,0,0,0,0,0,1,0,0,0,0,0,0,0,0,0,0,0,0,0,0,0,0,0,1,1,0,0,0,0,0,1,0,356,0,0,0,0,0,0,0,0,0,1,0,0,0,1,0,0,0,0,0,0,0,1,0,0,0,4,0,0,0,0,0,0,0,0,0,0,0,0,0,0,0,0,0,1,0,0,0,0,0,0,0,0,1,0,0,0,1,1,0,1,1,0,0,0,0,0,0,0,0,0,0,0,0,0,0,0,0,0,0,0,0,0,0,0,1,1,0,1,0,0
"308","Pablo","Emma",13,"Mississippi Band of Choctaw Indians","2","1","Choctaw county (Neshoba, MS)","Annual Report 1; Application",1,0,0,0,0,0,0,0,1,0,0,0,0,0,0,0,0,0,0,0,0,0,0,0,0,0,0,0,0,0,0,0,0,0,0,0,0,0,0,0,0,0,0,0,0,0,0,0,0,0,0,0,0,0,0,0,0,0,0,0,0,0,0,0,0,0,0,0,0,0,0,0,0,0,0,0,0,0,0,0,0,0,0,0,0,0,0,0,0,0,0,0,0,0,0,0,0,0,0,0,0,0,0,0,0,0,0,0,0,0,0,0,0,0,0,0,0,0,0,0,0,0,0,0,0,0,0,0,0,0,0,0,0,0,0,0,0,0,0,0,0,0,0,0,0,0,0,0,0,0,0,0,0,0,0,0,0,0,0,0,0,0,0,0,0,1,0,0
"311","Pablo","Emma",13,"Mississippi Band of Choctaw Indians","2","4","Choctaw, Neshoba ","Annual Report - 18 month (labeled as 4 in column F)",1,0,0,0,0,0,0,0,1,0,0,0,0,0,0,0,0,0,0,0,0,0,0,0,0,0,1,0,0,0,4,0,1,0,0,0,0,0,0,0,0,0,1,0,0,0,0,0,0,0,0,0,0,0,0,0,0,0,0,0,0,0,0,0,0,0,0,0,0,0,0,0,0,0,0,0,0,181,0,0,0,0,0,0,0,0,0,0,0,0,0,1,0,0,0,0,0,0,0,0,0,0,0,0,676,0,0,0,0,0,0,0,0,0,0,0,0,0,0,676,0,0,0,0,0,0,0,0,0,0,0,0,0,0,0,0,0,0,0,0,0,1,0,0,0,0,0,0,0,0,0,0,0,0,0,0,0,0,0,0,0,0,1,0,0,1,0,0
"314","Pablo","Emma",13,"Mississippi Band of Choctaw Indians","2","3","Choctaw county (Neshoba, MS); East Central Community College (ECCC) of Mississippi for self-paced online QPR trainings among staff and students (p13)","Annual Report - Year 3; QPR Training Results, In-person QPR results | ASIST brief | ",1,0,0,0,0,0,1,0,1,0,1,0,1,1,1,0,0,0,1,0,0,0,0,1,0,1,1,0,0,0,4,147,1,0,0,0,1,0,0,0,0,1,1,0,0,0,0,0,0,0,0,0,0,0,0,0,0,0,0,0,0,0,0,0,0,0,0,0,0,0,0,0,0,0,0,0,0,956,0,23,0,0,0,0,0,0,0,3,2,13,0,1,0,0,0,0,0,0,0,0,0,0,0,0,313,0,0,0,0,0,0,0,0,0,0,0,0,0,0,430,0,0,0,0,0,0,0,1,1,0,0,0,0,0,0,0,0,0,0,0,0,1,0,0,0,0,0,0,0,0,0,0,0,0,0,0,0,0,0,0,0,0,1,0,1,1,0,0
"317","Bob","Pablo",13,"Michigan Department of Health and Human Services","2","3","Michigan statewide; Detroit, MI; Wayne County; Deckerville, MI; Sanilac County; Macomb County; Marquette County; Oakland County","Annual Report 3",1,1,0,0,0,0,0,0,0,0,1,0,1,0,1,0,0,0,0,0,1,0,0,0,0,0,1,0,0,0,4,46,1,0,1,0,1,0,0,0,0,0,1,1,0,0,0,0,0,0,1,0,0,0,0,0,0,0,0,0,0,0,0,0,1,0,0,0,0,1,0,0,0,0,0,1,0,757,0,1,0,0,0,0,0,0,0,1,1,0,0,1,0,0,0,0,0,0,0,1,0,0,0,4,0,0,0,0,0,0,0,0,0,0,0,0,0,0,0,0,909,0,0,0,0,0,0,0,1,1,1,0,1,1,0,0,0,1,0,0,0,1,0,0,0,0,0,0,0,0,0,0,0,0,0,0,0,0,0,0,0,0,1,1,1,1,0,0
"389","Taylor","Emma",13,"Pennsylvania","1","1","Blair, Lawrence, Mercer, Washington, Crawford, Lancaster, Venagno, Montogomery, York/Adams, Lehigh, Erie, Monroe/Carbon/Pike, Beaver","Annual Report 1",1,1,0,1,0,1,0,0,1,1,1,0,0,0,0,0,0,0,1,0,0,0,0,0,0,0,1,0,0,0,3,0,0,0,0,0,0,0,0,0,0,0,0,0,0,0,0,0,0,0,0,0,0,0,0,0,0,0,0,0,0,0,0,0,0,0,0,1,0,1,0,1,0,1,0,0,0,1478,0,0,0,0,0,0,0,0,0,397,0,0,0,1,0,0,231,0,0,0,0,0,0,0,0,4,661,167,343,311,1,2,0,0,4,0,0,0,0,0,0,141,0,0,0,0,0,0,0,0,0,0,0,0,0,0,0,0,1,0,0,0,0,1,0,0,0,0,0,0,0,0,0,0,0,0,0,0,0,0,0,0,0,0,0,1,1,1,0,0
"392","Taylor","Emma",13,"Pennsylvania","1","2","Blair, Lawrence, Mercer, Washington, Crawford, Lancaster, Venagno, Montogomery, York/Adams, Lehigh, Erie, Monroe/Carbon/Pike, Beaver","Annual Report 2",1,1,0,1,0,0,0,0,1,1,1,0,0,0,0,0,0,0,1,0,0,0,0,1,0,0,1,0,0,0,3,45,0,0,0,0,0,0,0,0,0,0,0,0,0,0,0,0,0,0,0,0,0,0,0,0,0,0,0,0,0,0,0,0,0,0,0,1,0,0,0,1,0,1,0,0,0,0,0,0,0,0,0,0,0,0,0,0,0,1202,0,1,0,0,14,0,0,0,0,0,0,0,0,4,692,311,332,346,0,0,0,7,7,0,0,0,0,0,0,223,0,0,0,0,0,0,1,0,0,0,0,0,0,0,0,0,1,0,0,0,1,1,0,0,0,0,0,0,0,0,0,0,0,0,0,0,0,0,0,0,0,0,0,1,1,1,1,0
"395","Taylor","Emma",13,"Pennsylvania","1","3","Blair, Lawrence, Mercer, Washington, Crawford, Lancaster, Venagno, Montogomery, York/Adams, Lehigh, Erie, Monroe/Carbon/Pike, Beaver","Annual Report 3",1,1,0,1,0,0,0,0,1,1,1,0,1,1,1,0,0,0,1,0,0,0,0,1,0,0,0,0,0,0,4,23,0,0,0,0,0,0,0,0,0,0,0,0,0,0,0,0,0,0,0,0,0,0,0,0,0,0,0,0,0,0,0,0,0,0,0,1,0,0,0,1,0,1,0,0,0,0,0,0,0,0,0,0,0,0,0,0,0,0,0,1,0,0,39,0,0,0,0,0,0,0,0,4,2218,824,332,346,0,0,61,0,7,0,0,0,0,0,0,0,0,0,0,0,0,0,1,0,0,0,0,0,0,0,0,0,0,0,1,0,0,1,0,0,0,0,0,0,0,0,0,0,0,0,0,0,0,0,0,0,0,0,0,1,1,1,1,0
"398","Taylor","Emma",13,"Pennsylvania","1","","Cohort 1 counties: Mercer, Washington, Lawrence and Blair ","18 month ",1,1,0,1,0,0,0,0,1,1,1,0,0,0,0,0,0,0,0,0,0,0,0,1,0,0,1,0,0,0,4,65,0,0,0,0,0,0,0,0,0,0,0,0,0,0,0,0,0,0,0,0,0,0,0,0,0,0,0,0,0,0,0,0,0,0,0,1,0,1,0,1,0,1,0,0,0,0,0,0,0,0,0,0,0,0,0,1332,0,0,0,1,0,0,113,0,0,0,0,0,0,0,0,4,726,206,377,341,1,2,0,0,5,0,0,0,0,0,0,151,0,0,0,0,0,0,1,0,0,0,0,0,0,0,0,0,0,0,0,0,0,1,0,0,0,0,0,0,0,0,0,0,0,0,0,0,0,0,0,0,0,0,0,1,1,1,1,0
"401","Bob","Pablo",13,"Michigan Department of Health and Human Services","2","1","Michigan statewide;","18-Month Evaluation Report",1,1,0,0,0,0,0,0,0,0,0,0,0,0,0,0,0,0,0,0,1,0,0,0,0,0,1,0,0,0,3,0,0,0,1,0,0,0,0,0,0,0,0,0,0,0,0,0,0,0,0,0,0,0,0,0,0,0,0,0,0,0,0,0,0,0,0,0,0,1,0,0,0,0,0,0,0,38,0,0,0,0,0,0,0,0,0,0,0,0,0,1,0,0,0,0,0,0,0,1,0,0,0,0,0,0,0,0,0,0,0,0,0,0,0,0,0,0,0,0,0,0,0,0,0,0,0,0,0,0,0,0,0,0,0,0,0,0,0,1,0,1,0,0,0,0,0,1,0,0,0,0,0,0,0,0,0,0,0,0,0,0,0,1,1,1,0,1
"407","Sarah Mueller ","Taylor",13,"Johns Hopkins University White Mountain Apache Celebrating Life","2","3","Whiteriver and Shiprock, AZ","Annual Report 3",1,0,0,0,0,0,0,0,1,0,1,0,0,0,1,1,0,0,0,1,0,1,0,0,1,0,1,0,0,0,1,16,1,0,1,0,1,0,0,0,0,0,0,1,0,0,0,0,0,0,0,0,0,0,0,0,0,0,0,0,0,0,0,0,0,0,0,0,0,0,0,0,0,0,0,0,0,137,0,0,0,0,0,0,0,1,0,1,0,0,0,1,0,0,0,0,0,0,0,0,1,0,0,1,357,0,0,0,0,0,0,0,0,0,0,0,0,0,0,0,0,0,0,0,0,1,0,0,0,0,0,0,0,0,0,0,0,0,0,0,0,0,1,0,0,0,0,0,0,0,0,0,0,0,0,181,0,0,0,0,0,0,1,0,1,1,0,0
"410","Sarah Mueller ","Helen Coelho",13,"Two Feathers Native American Family Services","2","2","Humboldt County, CA","Annual Report 2",1,0,0,1,0,0,0,0,1,0,1,0,1,0,1,0,0,0,0,0,0,0,0,1,0,0,1,0,0,0,0,0,1,0,0,0,0,0,0,0,0,0,0,0,0,0,0,0,0,0,0,0,0,0,0,0,0,0,1,0,0,0,0,0,0,0,0,0,0,0,0,0,0,1,0,0,0,96,0,85,0,0,0,0,0,0,0,11,0,0,0,1,0,0,0,0,0,0,0,0,0,0,0,0,194,0,0,0,0,0,0,0,0,0,0,0,0,0,0,188,0,0,0,0,0,0,1,0,0,0,0,0,0,0,0,0,0,0,0,0,0,1,1,1,0,1,0,0,0,0,0,0,0,1,0,0,0,0,0,0,0,0,0,1,1,1,1,0
"413","Taylor","Helen Coelho",13,"Confederated Salish And Kootenai Tribes Reason To Live Native Suicide Prevention Project","2","1","Lake County, MT","Annual Report 1",1,1,0,0,1,0,0,0,1,0,1,1,0,0,0,0,0,0,0,0,0,1,0,1,0,0,1,0,0,0,0,0,0,0,0,0,0,0,0,0,0,0,0,0,0,0,0,0,0,0,0,0,0,0,0,0,0,0,0,0,0,0,0,0,0,0,0,0,0,0,0,0,0,0,0,0,0,0,0,0,0,0,0,0,0,0,0,0,0,0,0,1,0,0,0,0,0,0,0,0,0,0,0,0,0,0,0,0,0,0,0,0,0,0,0,0,0,0,0,0,30,0,0,0,0,0,0,0,0,0,0,0,0,0,0,0,0,0,0,0,1,0,0,0,0,0,0,0,0,0,0,0,0,0,0,0,0,0,0,0,0,0,0,0,1,1,0,0
"415","Taylor","Helen Coelho",13,"Confederated Salish And Kootenai Tribes Reason To Live Native Suicide Prevention Project","2","3","Lake County, MT","Annual Report 3",1,1,0,0,0,0,0,0,1,0,1,0,0,0,0,0,0,0,0,0,0,0,0,1,1,0,0,0,0,0,0,10,0,0,0,0,0,0,0,0,0,0,0,0,0,0,0,0,0,0,0,0,0,0,0,0,0,0,0,0,0,0,0,0,0,0,0,0,0,0,0,0,0,0,0,0,0,0,0,0,0,0,0,0,0,0,0,0,0,0,0,0,0,0,0,0,0,0,0,0,0,0,0,0,0,0,0,0,0,0,0,0,0,0,0,0,0,0,0,0,0,0,0,0,0,1,1,0,0,0,0,0,0,0,0,0,0,0,0,0,0,1,0,0,0,0,0,0,0,0,0,0,0,1,0,0,0,0,0,0,0,0,0,0,1,1,1,0
"419","Helen","Diamond",13,"Mississippi Department of Mental Health","1","1","Region 8: Rankin, Madison, Simpson, Lincoln, and Copiah counties ","18 month Evaluation Report",1,0,0,0,0,0,0,0,0,0,0,0,0,0,0,0,0,0,0,0,0,0,0,0,0,0,1,0,0,0,4,0,0,0,0,0,0,0,0,0,0,0,0,0,0,0,0,0,0,0,0,0,0,0,0,0,0,0,0,0,0,0,0,0,0,0,0,0,0,1,0,1,0,1,0,0,0,0,0,0,0,0,0,0,0,0,0,1,0,1,0,0,0,0,0,0,0,0,0,0,0,0,0,0,0,0,0,0,0,0,0,0,0,0,0,0,0,0,0,0,0,0,0,0,0,0,0,0,0,0,0,0,0,0,0,0,0,0,0,0,0,0,0,1,0,0,0,0,0,0,0,0,0,0,0,0,0,0,0,0,0,0,0,1,0,1,0,0
"422","Elizabeth","Helen Coelho",13,"Great Plains Tribal Chairmen's Hlth Brd     Connecting With Our Youth (CWOY)","2","2","Rapid City, SD; 8 counties in Paha Sapa catchement area: Todd, Mellette and Bennett from Rosebud; Oglala Lakota and Jackson
from Pine Ridge; Dewey and Ziebach from Cheyenne River; and Pennington County","Annual Report 2",1,1,1,1,0,1,0,0,1,0,1,0,1,0,0,0,0,0,0,0,0,0,0,1,0,0,1,0,0,0,0,0,0,0,1,0,0,0,0,0,0,0,1,0,0,0,0,0,0,0,0,0,0,0,0,0,0,0,1,0,0,0,0,0,0,0,0,0,0,0,0,0,0,1,0,0,0,0,0,0,0,0,0,0,0,0,0,0,0,0,0,0,0,0,0,0,0,0,0,0,0,0,0,0,0,0,0,0,0,0,0,0,0,0,0,0,0,0,0,168,80,0,0,0,0,1,1,0,0,0,0,0,0,0,0,0,0,0,0,1,0,0,0,1,1,1,0,0,0,0,0,0,0,1,0,0,0,0,0,0,0,0,1,1,1,1,1,0
"425","Bob","Elizabeth",13,"Confederated Salish And Kootenai Tribes Reason To Live Native Suicide Prevention Project","2","1","Lake County, MT","18-month Evaluation Report",1,1,1,0,0,0,0,0,1,0,1,0,1,1,0,0,0,1,0,0,1,1,0,1,0,0,0,0,0,0,0,0,0,0,0,0,0,0,0,0,0,0,0,0,0,0,0,0,0,0,0,0,0,0,0,0,0,0,0,0,0,0,0,0,0,0,0,0,0,0,0,0,0,0,1,0,0,0,0,0,0,0,0,0,0,0,0,0,0,0,0,0,0,0,0,0,0,0,0,0,0,0,0,0,0,0,0,0,0,0,0,0,0,0,0,0,0,0,0,0,0,0,0,0,1,1,1,0,1,0,0,0,0,0,0,0,0,0,0,0,1,0,0,0,1,0,1,0,0,0,0,0,0,0,0,0,0,0,0,0,0,0,0,1,1,1,1,0
"427","Elizabeth","Bob",13,"Mississippi Band of Choctaw Indians","2","2","Choctaw, MS; Neshoba County

But tribal catchement area includes Attala. Winston, Noxubee, Leake, Neshoba, Kemper, Scott, Newton, Smith, Jasper, Lincoln, and Jones Counties in MS (and Lauderdale County, TN but not sure we want to attribute GLS there).","Annual Report 2; Application",1,1,0,0,0,0,0,0,1,0,1,0,1,1,1,0,0,0,0,0,0,0,0,0,0,0,1,0,0,0,4,22,1,1,1,0,0,0,0,0,0,1,1,0,0,0,0,0,0,0,0,0,0,0,0,0,0,0,0,0,0,0,0,0,0,0,0,0,0,0,0,0,0,0,0,0,0,455,0,1,1,0,1,0,0,1,1,0,0,1,0,1,0,0,0,0,0,0,0,0,0,0,0,0,275,0,0,0,0,0,0,0,0,0,0,0,0,0,0,358,143,0,0,0,0,0,0,0,0,0,0,0,0,0,0,0,0,0,0,0,0,1,0,0,0,0,0,0,0,0,0,0,0,0,0,0,0,0,0,0,0,0,1,0,1,1,0,0
